hash;Avast;AVG;BitDefender;ESET-NOD32;FireEye;Kaspersky;McAfee;Microsoft;Symantec;TrendMicro;detections;Neural Network;Malware
c4e75102be806dfb701f6913d27c1bd7;1;1;1;1;1;1;1;1;1;1;10;1;1
948dc49c28886bc4a371176123724bb1;1;1;1;1;1;1;1;1;1;1;10;1;1
0cfa35908c083fbddd34ebaa1d60f20b;1;1;1;1;1;1;1;1;1;1;10;1;1
df32f99868ae7a3d6ae8322795f309f1;0;0;0;1;1;0;1;1;0;0;4;1;1
aa488760f74cdffa5065895a9d4e16c9;0;0;0;1;1;1;1;1;0;0;5;1;1
bbc3b10b87eb81003f7756ce4a7747bb;1;1;1;1;1;1;1;1;1;1;10;1;1
d29fd374ffb5bd95937ed1084caefa8c;1;1;1;1;1;1;1;1;1;1;10;1;1
54598a7456b88ad60ccf41c3c0d8769a;1;1;1;1;1;1;1;1;1;1;10;1;1
33539b12a10d0f36f577374d0d570b79;1;1;1;1;1;1;1;1;1;0;9;1;1
aab3049ae60aa980776490d621160de2;1;1;1;1;1;1;1;0;1;1;9;1;1
29064fb18f50288094c9688fb4041c42;1;1;1;1;1;1;1;1;1;1;10;1;1
646d45a6e7958409272a969297d775b6;1;1;1;1;1;0;1;1;1;0;8;1;1
9f5ed9272779691d7990a1a5aa0709fe;1;1;1;1;1;0;1;1;1;0;8;1;1
d6980eac938fd89f402a14d61b2f44b6;1;1;1;1;1;1;1;1;1;1;10;1;1
10c1be550b1358d30d39e46a3efbdc2c;1;1;1;1;1;1;1;1;1;1;10;1;1
8b53885b0e382219acbc8ac4d72cd0bc;1;1;1;1;0;1;1;1;1;1;9;1;1
02db4001360890ce52f8db30771790ea;0;1;1;1;1;1;1;1;1;0;8;1;1
df2db4f9f94ff52505e05dc746a8d121;1;1;1;1;1;1;1;1;1;1;10;1;1
40927a683b5c7807a0907331067236ac;1;1;1;1;1;1;1;1;1;1;10;1;1
7c16338ec693eb53fe0de34622c0ca2b;1;1;1;1;1;1;1;1;1;1;10;1;1
30e509ce7334444a35e4c9134bbf5c26;1;1;1;1;1;1;1;1;1;1;10;1;1
e66cf867f482d2e6b3ae457fe86bf21d;1;1;1;1;1;1;1;1;1;1;10;1;1
e7a7bb922d5be4368c8797458d72fc59;1;1;1;1;1;1;1;1;1;1;10;1;1
b1de163fbb286caf2f5d98edf5cea052;0;0;0;1;1;0;0;1;0;0;3;1;1
c6ceb0791c7f4c384ccfa2ce64a49de9;1;1;1;1;1;1;1;1;1;0;9;1;1
d120d6db5e032cb0a1f71fac2080adc2;1;1;1;1;1;1;1;1;1;1;10;1;1
d01ebe2d4344efa13475e7d318dc72e0;1;1;1;1;1;1;1;1;1;1;10;1;1
01eba0683aafe1d17db6a40844f53053;1;1;1;1;1;1;1;1;1;1;10;1;1
9c21e23a91e0488d8df5e65b5d29a2fe;1;1;1;1;1;1;1;1;1;1;10;1;1
5a27d64f2afc5755986ed501f2561f00;1;1;1;1;1;1;1;1;1;1;10;1;1
1b56078ec46b1c156e2516536d6f3f9c;1;1;1;1;1;1;1;1;1;1;10;1;1
055bbfdb12bc2102caf4334bbe8c8dd1;1;1;1;1;1;1;1;1;1;1;10;1;1
e6e53c442ce4e6b0d865e4bd6433f8b4;1;1;1;1;1;1;1;1;1;1;10;1;1
a90e52203f8c3e6a1b5eb4e24f9b726e;1;1;1;1;1;1;1;1;1;1;10;1;1
568042d040ed7fbbb802d847ef614a4d;1;1;1;1;1;0;1;1;1;1;9;1;1
c9d52f52381ad40bda53af5310091a7f;1;1;1;1;1;1;1;1;1;1;10;1;1
01f6d86a3e0050cb116ad4f16f12a420;1;1;1;1;1;1;1;1;1;1;10;1;1
713b3ec26323a5156e0c484b32498c7a;1;1;1;1;1;1;1;1;1;1;10;1;1
b6ca1885260050f8a268b4bd066d6d9d;1;1;1;1;1;1;1;1;1;1;10;1;1
ca465d2adfa30494e25018153d84dee4;1;1;1;1;1;1;1;1;1;1;10;1;1
a251ec04fc4b52eee3edb30c1495dfef;1;1;1;1;1;1;1;1;1;1;10;1;1
c300a4e31aba499c460b6c2ced1c4edf;1;1;1;1;1;1;1;1;1;1;10;1;1
6a2a8086b34fbd0dfe9dd3dc433d77d6;1;1;1;1;1;1;1;1;1;1;10;1;1
f324b7e1447b83d2afbc3cd7ed0484c1;1;1;1;1;1;1;1;1;1;1;10;1;1
15855a0dda0fa9180fdad46c7c7a446a;1;1;1;1;1;1;1;1;1;0;9;1;1
f082e5164e8e7c8992eba4232d72b46f;1;1;1;1;1;1;1;1;1;1;10;1;1
f607f0ce8f8d6b58da6e8fe681bb8674;1;1;1;1;1;1;1;1;1;1;10;1;1
0adfa647a523f3ffd47fca65b3830012;1;1;1;1;1;1;1;1;1;1;10;1;1
17147fd6611dff589daccd229c4207e7;1;1;1;1;1;1;1;1;1;1;10;1;1
cff712f9bacf5619106c5f0b6fed4e16;1;1;1;1;1;1;1;1;1;1;10;1;1
72133734e0c3a15de89f4cd95e6db4a3;1;1;1;1;1;1;1;1;1;1;10;1;1
943270627e8eb4b1567dc76a6a9196fc;1;1;1;1;1;1;1;1;1;1;10;1;1
61293644c9fbc2dfe62a1c3e59fcbcdd;1;1;1;1;1;1;1;0;1;1;9;1;1
2339e18e251bd2a064cf357761f3dd20;1;1;1;1;1;1;1;1;1;1;10;1;1
2eeed5e6e57cc662ee4e3823cbf4adf1;1;1;1;1;1;1;1;1;1;1;10;1;1
c6c7b95620352a1df10b834d94c6c03d;1;1;1;1;1;1;1;1;1;1;10;1;1
caee0aa89f6ffdad4580d6b5d15f55e9;1;1;1;1;1;1;1;1;1;0;9;1;1
61780c25be41f62f4431c32213bd7d86;1;1;1;1;1;1;1;1;1;1;10;1;1
daba3c7cff7a74e0ce7361af687b86c5;1;1;1;1;1;1;1;1;1;1;10;1;1
37ac0471935807b748c51b463b8150ea;1;1;1;1;1;1;1;1;1;1;10;1;1
87de5db071f313cc111754e5853ddb2d;1;1;1;1;1;1;1;1;1;1;10;1;1
2d6f8dccebfdc15b53997250e1f73b80;1;1;1;1;1;1;1;1;1;1;10;1;1
8a26d6812aece27f98e9985488d457b0;1;1;1;1;1;1;1;1;1;1;10;1;1
e7f8d376a403b5301c3b481b17590181;1;1;1;1;1;1;1;1;1;1;10;1;1
885900056abb5f0a362211a230daa1a4;1;1;1;1;1;1;1;1;1;1;10;1;1
0c745a8bed9b15ae636a3a4cdfd1ebb0;1;1;1;1;1;1;1;1;1;1;10;1;1
3ffe0ca99c2f875d4824a468fc0eab80;1;1;1;1;1;1;1;1;1;1;10;1;1
ece73e7a026e1e3a2c73c1e7d9c66547;1;1;1;1;1;1;1;1;1;1;10;1;1
7b5c6fc1d598e04e6ad91d5bea744224;1;1;1;1;1;1;1;1;1;1;10;1;1
9b859410e9e81f379a232e650ac394ac;1;1;1;1;1;1;1;1;1;1;10;1;1
e401b2cd8b618c656c961d394305b6ac;1;1;0;1;1;1;1;1;1;1;9;1;1
d44186f7b95ba487fc1c54a05d68f04f;1;1;1;1;1;1;1;1;1;1;10;1;1
af0ae00444671983be79879abeb678ee;1;1;1;1;1;1;1;1;1;1;10;1;1
5cc4644ce55627f4bfd2c021063f3241;1;1;1;1;1;1;1;1;1;1;10;1;1
01e7108a37342ad955a4346fc0b3f21c;1;1;1;1;1;1;1;1;1;1;10;1;1
d50bea3fa285fa54247368603e5de792;0;1;1;1;1;1;1;1;1;1;9;1;1
9270fc9507071876759925004f046973;1;1;1;1;1;1;1;1;1;1;10;1;1
8668e9b359ae3a6c1e09b797591cb64e;1;1;1;1;1;1;1;1;1;1;10;1;1
8a96a8b19198af574b4904207df97b40;1;1;1;1;1;1;1;1;1;1;10;1;1
18a279d1c9a0dce2b813171d199c56d7;1;1;1;1;1;1;1;1;1;1;10;1;1
81ac72c9158fb08aa5345444b6c29bc5;0;0;0;1;1;0;1;1;0;0;4;1;1
4302d6701fb63bcedfa03978e71df2a8;1;1;1;1;1;1;1;1;1;0;9;1;1
720bc8d73e7872b23183903e3918c7d8;1;1;1;1;1;1;1;1;1;1;10;1;1
964642c6775c09dca9211442797c7b9c;1;1;1;1;1;1;1;1;1;1;10;0;1
b4d7fe9f8770b965e34715e6dde96dc6;1;1;1;1;1;1;1;1;1;1;10;1;1
694515cebc637b78ef56b8f23c60b9a3;0;0;1;1;1;1;1;1;1;0;7;1;1
58a15ade1d7192dc7c4a7af71368aba2;1;1;1;1;1;1;1;1;1;1;10;1;1
6ae1da8abe6ef9817a617acec71bab22;1;1;1;1;1;1;1;1;1;1;10;1;1
26d81aa5d41702b78c61da8ae8261eb9;0;0;1;1;1;1;1;1;1;0;7;1;1
f4153511fd79fc1031ea918450ef68a0;1;1;1;1;1;1;1;1;1;1;10;1;1
70dfedb503dc10c7891eadd6beeb101e;1;1;1;1;1;1;1;1;1;1;10;1;1
1669381ba6b080eb0fef3e994728cf47;1;1;1;1;1;0;1;1;1;1;9;1;1
d04fa21e4765cf4ac9698f9beee2fde2;1;1;1;1;1;1;1;1;1;0;9;1;1
a4975ac7f40ccf4d1803e8edb97dce9e;1;1;1;1;1;1;1;1;1;1;10;1;1
c664e5778bd251d8649c4369bf3ca0ef;1;1;1;1;1;1;1;1;1;1;10;1;1
e832e26d28d3901fdd0e694f04acd25a;1;1;1;1;1;1;1;1;1;1;10;1;1
2d7cb302852415443f54722772d98aaa;1;1;1;1;1;1;1;1;1;1;10;1;1
fe581cd6100e9f25ac1b69ca857bda04;1;1;1;1;1;1;1;1;1;1;10;1;1
b45914a5ac009191ba1a63eb4242061f;1;1;1;1;1;1;1;1;1;1;10;1;1
cca9fbb11c194fc53015185b741887a8;1;1;1;1;1;1;1;1;1;1;10;1;1
f8527d8f291f4322e55b65aeb48e24fd;1;1;1;1;1;1;1;1;1;1;10;1;1
2dcbc4778d17335599bcf7aea086c663;0;0;0;1;1;1;1;1;0;0;5;1;1
600ea29aae1e3766cf7495dc457117fa;1;1;1;1;1;1;1;1;1;1;10;1;1
2f06562ef31b803e7c5d204cf0380080;0;0;0;1;0;1;0;1;0;0;3;1;1
5350d9dedce9039a41a8d5c1e9cb8f20;1;1;1;1;1;1;1;1;1;1;10;1;1
90d132b0c406c8ea0bbf2528fda0102c;0;0;0;0;0;0;0;0;0;0;0;1;0
f10050018947d86aea3f95bb40f8eea5;1;1;1;1;1;1;1;1;1;1;10;1;1
0d892cb8e88e66bd39d19dfe88053fc2;1;1;1;1;1;1;1;1;1;1;10;1;1
5105430437588f8878da6957bc8c3119;1;1;1;1;1;1;1;1;1;1;10;1;1
7e8027a8b444bcfeb5c7b7863ed1c188;1;1;1;1;1;1;1;1;1;1;10;1;1
2193d19bde1d6001377fcb84531a0c77;1;1;1;1;1;1;1;1;1;1;10;1;1
7c6ffb6b608997b97ae535a8ebd8844b;1;1;1;1;1;1;1;1;1;1;10;1;1
611eb8ef2416aa09b16bbce28e1ec33a;1;1;1;1;1;1;1;1;1;1;10;1;1
c2e99d68e75306bde7e7494444fa882c;1;1;1;1;1;1;1;1;1;1;10;1;1
356a053f638d8a502ecc634dd48d04f2;1;1;0;1;1;1;1;1;1;0;8;1;1
6128631720c016e930de144eb5886e58;1;1;1;1;1;1;1;1;1;1;10;1;1
1cdb3e9a718706655bdf8337cc0745aa;1;1;1;1;1;1;1;1;1;1;10;1;1
93b11e75667c8aab12a08146a2b8f2dd;1;1;1;1;1;1;1;1;1;1;10;1;1
cf48236fac1b24fbb97beff043b64798;1;1;1;1;1;1;1;1;1;1;10;1;1
039ae826f4740709dc1c1073ff37d9e8;1;1;1;1;1;1;1;1;1;1;10;1;1
f4665b0ee0e21910e4118e536314a6e8;0;1;1;1;1;1;1;1;1;1;9;1;1
cab22dc868f772cb746ea8108db12050;1;1;1;1;1;1;1;1;1;1;10;1;1
a407b5e8d4fccbb17f9fd2cae3a0a9f1;1;1;1;1;1;1;1;1;1;1;10;1;1
c1c3193be1bb72c98cc43d8ff05c915c;1;1;1;1;1;1;1;1;1;1;10;1;1
a5a62c220296b7aabdb62ef4d8481ce4;1;1;1;1;0;1;1;1;1;1;9;1;1
ef103e4c46c6e6e01fe56c1a5d9ef6a3;1;1;1;1;1;1;1;1;1;1;10;1;1
5cfacc34c063d14b2a10e99b1512c532;1;1;1;1;1;1;1;1;1;1;10;1;1
c34c046a8b2e78df3973a4ea36908ad9;1;1;1;1;1;1;1;1;1;1;10;1;1
ae12ad4da92ff111c04ee53189319dc4;1;1;1;1;1;1;1;1;1;1;10;1;1
4c3d20ca3fc75952757ada2adfd50761;0;0;0;1;1;0;0;1;0;0;3;1;1
fd6a8b3d1d08c0a73e7023286cff9718;1;1;1;1;1;1;1;1;1;1;10;1;1
969a8477f79fde1151cb063057cc0d8b;1;1;1;1;1;1;1;1;1;1;10;1;1
c0b17f93823d4c4de913f646154e8523;1;1;1;1;1;1;1;1;1;1;10;1;1
903746d6c18aef7b3acbf91fb0b1ba11;1;1;1;1;1;1;1;1;1;1;10;1;1
516bf57245ca5056855c405061300575;1;1;1;1;1;1;1;1;1;1;10;0;1
6d2895ec61a76093bf070774fb459f44;1;1;1;1;1;1;1;1;1;1;10;1;1
b2e7062ed44ea9c304b37aef08db9146;1;1;1;1;1;1;1;1;1;1;10;1;1
f2ab3a196904d13f05a5bf5b19278cae;1;1;1;1;1;1;1;1;1;1;10;0;1
470de7ca44528d25343c82aa70ef304b;0;0;1;1;0;0;0;1;1;1;5;1;1
dd722a34be9ee198f776a91e8b240de8;1;1;1;1;1;1;1;1;1;1;10;1;1
c44945b3ae7f4dee7a99340e3245a246;1;1;1;0;1;1;1;1;1;1;9;1;1
42f147f01293f910a3424cb8f1ec718e;1;1;1;1;1;1;1;1;1;1;10;1;1
c7d73ff9743fd8abcda7466f70aa3085;1;1;1;1;1;1;1;1;1;1;10;1;1
938b8214395f3dde41c1646af5558dcf;1;1;1;1;1;1;1;1;1;1;10;1;1
44c12dbc71b234006fa9d1a9e96ca81b;1;1;1;1;1;1;1;1;1;1;10;1;1
e98ec88d913d9f1cd401272d831888be;1;1;1;1;1;1;1;1;1;1;10;1;1
383949d00c81b2a7ca1c5b225a4e268d;1;1;1;1;1;1;1;1;1;1;10;1;1
761931070029a597a702373d5f49f71d;1;1;1;1;1;1;1;1;1;1;10;1;1
bd0cccb00c2af56c6fee9d748541b370;1;1;1;1;1;1;1;1;1;1;10;1;1
1e0bf446bd7dea1dff100ba66804045a;0;0;0;0;0;1;0;0;1;0;2;1;1
807e68132cc9f6def300da6cd8c6417c;1;1;1;1;1;1;1;1;1;1;10;1;1
bdad7cf32c55233a29a52feba81f140e;1;1;1;1;1;1;1;1;1;1;10;1;1
2a139548a65ca38b30a21f90c3e09241;1;1;1;1;1;1;1;1;1;1;10;1;1
29ab7a6bfebc276d50f9d6933616229c;1;1;1;1;1;1;1;1;1;1;10;1;1
326f92541289d653456900e9b7afb9ec;1;1;1;1;1;1;1;1;1;1;10;1;1
f888bb77af9018a617b8a74d739ac29f;1;1;1;1;1;1;1;1;1;1;10;1;1
624ab110424a9e1ca6d2abe4b9ddaa65;1;1;1;1;1;1;1;1;1;1;10;1;1
c9688049153282aa7cb58296f86b21c1;1;1;1;1;1;1;1;1;1;1;10;1;1
ad932db9a140326038cbb899bad01d2b;1;1;1;1;1;1;1;1;1;0;9;1;1
5f8de689089e31366591d5e089aad91d;1;1;1;1;1;1;1;1;1;1;10;1;1
6ba9f858eea359b75dfa2f7f4505959a;1;1;1;1;1;1;1;1;1;1;10;1;1
dfdb2bad761d66f5bea22e0da0d910d2;1;1;1;1;1;1;1;1;1;1;10;1;1
a925cd618ba6ead6b73ded89b70e69b7;1;1;1;1;1;1;1;1;0;1;9;1;1
7bf5ded25fe2da584758d62b972f137c;1;1;1;1;1;1;1;1;1;1;10;1;1
64bb4ab253bd455290eb20afb849332d;1;1;1;1;1;1;1;1;1;1;10;1;1
e38375a3dca073b1ed055c36a6b7da2c;1;1;1;1;1;1;1;1;1;1;10;1;1
ef56416513d16dbb11d2cc4713f2eb8b;1;1;1;1;1;1;1;1;1;1;10;1;1
6da8049b0861d01e76503c56bc6b268e;1;1;1;1;1;0;1;1;1;0;8;1;1
605f8f1c00cc5cae57f2ef0b3393ff4c;1;1;1;1;1;1;1;1;1;1;10;1;1
468b52b9798525ab9a50b62fa32052d4;1;1;1;1;1;1;1;1;1;1;10;1;1
dee42cc0b843e7c2da7b7168bf19b2d9;1;1;1;1;1;1;1;1;1;1;10;1;1
21d3d4a548696aac6bbe682a8e745213;1;1;1;1;1;1;1;1;1;1;10;1;1
3d5a16f1c85d1e42822391dbce3193d2;1;1;1;1;1;1;1;1;1;1;10;1;1
0d5236b8322ad84fdeddc2c0687bf447;1;1;1;1;1;1;1;1;1;1;10;1;1
6b73d2d7e73ef643433cdfd0666eb910;1;1;1;1;1;1;1;1;1;1;10;1;1
ee68d3b0f702077810bddec50179f75d;1;1;1;1;1;1;1;1;1;1;10;1;1
5d1c219961c3ad582b5f412fdb6decdf;1;1;1;1;1;1;1;1;1;1;10;1;1
d7e71fd11bcd87a59da8b00143883adb;1;1;1;1;1;1;1;1;1;1;10;1;1
6aa2791216f34dc5813a75add3206b95;1;1;1;1;1;1;1;1;1;1;10;1;1
e8f0814c95fc4d19aec0bfee797fb5ba;1;1;1;1;1;1;1;1;1;1;10;1;1
f041df7a6ee57d882d7a935f565c590f;1;1;1;1;1;1;1;1;1;1;10;1;1
92fdecff3324d69327bbaa4f92f8a219;1;1;1;1;1;1;1;1;1;1;10;1;1
83959a6c216d8504ac597fe60231f6d5;0;1;1;1;1;1;1;1;1;1;9;0;1
68a71573ebeb03f1da55093030a0f215;1;1;1;1;1;1;1;1;1;1;10;1;1
12bedb59fadcc2afc87bb6f09a6e3dda;1;1;1;1;1;1;1;1;1;1;10;1;1
2d96d4b232edab88dd7bf3ab0e87f5f0;1;1;1;1;1;1;1;1;1;1;10;1;1
0879e42f499d25bc6651cef6c74e2c42;0;0;0;0;1;1;0;1;0;0;3;1;1
1aef21df70599400ae8ede896db56435;1;1;1;1;1;1;1;1;1;1;10;1;1
cc0e9e254ddbde7006a9192cd06bca44;1;1;1;1;1;1;1;1;1;1;10;1;1
2deb0fb43b9eaba2540209b3d6d3de1a;0;1;0;1;1;1;1;1;0;0;6;1;1
afb5ca30463a0f986b50e18b5ea084fb;1;1;1;1;1;1;1;1;1;1;10;1;1
c30e71469470e7a0e0a1e8c8b4b87cb0;0;1;1;1;0;1;1;1;1;1;8;0;1
40ebf8bb674b984b2485616e70581f47;1;1;1;1;1;1;1;1;1;1;10;1;1
65fe80a7288aebb3e14c7db814feb974;1;1;1;1;1;1;1;1;1;1;10;1;1
c88381275b5128caaebe2d6fcc13cc11;1;1;1;1;0;1;1;1;1;1;9;1;1
e9567d62f6cbad2e5c23cc82f5f62377;1;1;1;1;1;1;1;1;1;1;10;1;1
bdaccc6f8480f16fbd12654b43fba4ac;1;1;1;1;1;1;1;1;1;1;10;1;1
5f5a12c375cb23f01cb8a655722994a4;0;0;0;1;1;0;0;1;0;0;3;1;1
604f34919b1cb3c002f78789a183aa1e;1;1;1;1;1;1;1;1;1;1;10;1;1
0df90ca23f1ed4743c6be653f91f6b6c;1;1;1;1;1;1;1;1;1;1;10;1;1
7e6a1a7b83ebc2ae8445e9421d18fc8d;1;1;1;1;1;1;1;1;1;1;10;1;1
1c843fada51d76589c75c7c1075168a9;1;1;1;1;0;1;1;1;1;1;9;1;1
65670bbd7accd8116e1094221bb1d8ce;1;1;1;1;1;1;1;1;1;1;10;1;1
00b1755c14a681b19f3f22bca9cb5bb4;1;1;1;1;1;1;1;1;1;1;10;1;1
45f1f8bea5d233ff5f5f481703d9b52b;1;1;1;1;1;1;1;1;1;1;10;1;1
e0300df86cbcbacc0f3e5a846e0163ce;1;1;1;1;1;1;1;1;1;1;10;1;1
a5d2f1bcf4354d0b3128c0a85f0d95ea;1;1;1;1;1;1;1;1;1;1;10;1;1
8e30f5bfc2a80c0c8b1e1a2faff41563;1;1;1;1;1;1;1;1;1;1;10;1;1
fdeda41485a1697ed40fff07edd9e69b;1;1;1;1;1;1;1;1;1;1;10;1;1
38128c21bb7c951f6916f29d641a3ffc;1;1;1;1;1;1;1;1;1;1;10;1;1
0a6e30eb753028501ca0223f1b85f25d;1;1;1;1;1;1;1;1;1;1;10;1;1
ad68d5030af9e2d34f3e143047b7bcc8;0;0;0;0;0;0;0;0;0;0;0;1;0
046f4b2ec633529801480298ebdaf36e;1;1;1;1;1;1;1;1;1;1;10;1;1
13c7191ab2781a2d225665a4c1b23b17;1;1;1;1;1;1;1;1;1;1;10;1;1
c28afe00845eae683e3dc46e502fb915;1;1;1;1;1;1;1;1;1;1;10;1;1
342fb9b0e4017fd2bd5feb42e4235ab0;1;1;1;1;1;1;1;1;1;1;10;1;1
b5a7142ef42544816a4627f260bd5f10;1;1;1;1;1;1;1;1;1;1;10;1;1
d4c6667f6be4b2ae95ff2cb61ec704b8;0;0;0;1;1;0;0;0;0;0;2;1;1
b722710f6ba5ab67822281a3506ea043;1;1;1;1;1;1;1;1;1;1;10;1;1
95e7f7e025183cf425d904f07329d753;1;1;1;1;1;1;1;1;1;0;9;1;1
42f63788c9b23d3e4c7e8510b4a2a792;1;1;1;1;1;1;1;1;1;0;9;1;1
30a88aaca2412bcc3914382dce41ae1a;1;1;1;1;1;1;1;1;1;1;10;1;1
fa6a867e5ddc94c95ece3639aa6704e2;1;1;1;1;1;1;1;1;1;1;10;1;1
6beccea67695b7d08f4150c021804884;1;1;1;1;1;1;1;1;1;1;10;1;1
5656d5172b186f1c766724bc6dc3b0e6;1;1;1;1;1;1;1;1;1;1;10;1;1
33207be99a4d70202963b1ce09f503dd;1;1;1;1;1;1;1;1;1;1;10;1;1
c088802b03e3bc1ef0082f268847a5f7;1;1;1;1;1;1;1;1;1;1;10;1;1
ea9139664e5a3182dbafcdc476785de1;1;1;1;1;1;1;1;1;1;1;10;1;1
ff977dc3365d472d50c2379817ccf993;1;1;1;1;1;1;1;1;1;1;10;1;1
d329b48d129437a565eba6d333f3fda6;0;0;1;0;1;0;1;1;1;0;5;1;1
6a9d67850b1e7768e65877a1aae6ffc6;1;1;1;1;1;1;1;1;1;1;10;1;1
ff3441eb0116d4bb3468e16e52c378d3;1;1;1;1;1;1;1;1;1;1;10;1;1
aee2253fa103334f0ef95c438b073984;1;1;1;1;1;1;1;1;1;1;10;1;1
83c0646c38b6a0fda764fae7e9e78f91;0;0;0;0;0;1;0;0;0;0;1;1;1
f635d6dbb86f7d946250514c9ccb7db0;1;1;1;1;1;1;1;1;1;1;10;1;1
59bc64b2f37dbd40c4e29edb0b029ced;1;1;1;1;1;1;1;1;1;1;10;1;1
187859b85ea4d6b6c81adfae4e9f2f4f;1;1;1;1;1;1;1;1;0;1;9;1;1
f6a37a601cae202f5387d82bf2d12aad;1;1;1;1;1;1;1;1;1;1;10;1;1
609f01d4fed4e43158a04d4d6b273514;1;1;1;1;1;1;1;1;1;1;10;1;1
08f803140ee607a12b15dca97df5864f;1;1;1;0;1;0;1;1;0;0;6;1;1
d5b217cff72c79416299b6e7258cb905;1;1;1;1;1;1;1;1;1;1;10;1;1
85ab3d51b6eff203312f462c3fbf9949;1;1;1;1;1;1;1;1;1;1;10;1;1
63ae29ac0a6b9f29fc1567ecf244db7d;1;1;1;1;1;1;1;1;1;1;10;1;1
6b9f01f1e2f9eedee84ab8f7a82e6500;1;1;1;1;1;1;1;1;1;0;9;1;1
9df5372098bd9568602c4cfd7ea629ba;1;1;1;1;1;0;1;1;1;0;8;1;1
a68d7ef7d44edf826241b6692a08daa9;1;1;1;1;1;1;1;1;1;1;10;1;1
bda1e39d5a347c128566e3fb523293fa;1;1;1;1;1;1;1;1;1;1;10;1;1
d3f4595f210be5a466132637036d72c3;1;1;1;1;1;1;1;1;1;1;10;1;1
0c86b8dba4c7789c2d7f5f5e343ae921;1;1;1;1;1;1;1;1;1;1;10;1;1
92f935f42f6051ee6f81eb87ae13bfa9;1;1;1;1;1;1;1;1;1;1;10;1;1
2c1ad03cc3291c02898eb5a795d6ce83;1;1;1;1;1;1;1;1;1;1;10;1;1
187a269d103856e0d922e71e26046ac4;1;1;1;1;1;1;1;1;1;1;10;1;1
dbd81ba0d17423d4966ade1236ce79af;0;0;1;0;1;0;0;0;0;0;2;1;1
e3f54665620fe7e06b52fb781f27cb4e;1;1;1;1;1;1;1;1;1;1;10;1;1
97dd0c28e4bc7184e500b88822f6115c;1;1;1;1;1;1;1;1;1;1;10;1;1
311102ca55b09ee930cfceca5e4c06da;1;1;1;1;1;1;1;1;1;1;10;1;1
5107a77926256b619f4e702900bc6644;1;1;1;1;1;1;1;1;1;1;10;1;1
605e2e137b27ca373e5768af5258559d;1;1;1;1;1;1;1;1;1;1;10;1;1
5f7b0769ecc70adc2b32c6916050d4ab;1;1;1;1;1;1;1;1;1;1;10;1;1
a7fe386df37ae66d6f28ed9b91e0278f;1;1;1;1;1;1;1;1;1;1;10;1;1
ab747d205d00ba641f13d362d234c5f4;1;1;1;1;1;1;1;1;1;1;10;1;1
6ab77de0a407ebcdaf109615ba9a999c;1;1;1;1;1;1;1;1;1;0;9;1;1
23b04f4c7d134b4b8a7eadd756da0e14;1;1;1;1;1;1;1;1;1;1;10;1;1
449afa12bc0b10528057490c0b30b91d;1;1;1;1;1;1;1;1;1;1;10;1;1
12c76001471eaad13a04f0b0aba1c1ba;1;1;1;1;1;1;1;1;1;1;10;0;1
f8f2a1a2069f5f50fb69c18743bb2fe6;1;1;1;1;1;1;1;1;1;1;10;1;1
aeed467bd3fa90f23839ed04d242e86c;1;1;1;1;1;1;1;1;1;1;10;1;1
93b821f24ae3f9d3b6725c7dabd9e9df;1;1;1;1;1;1;1;1;1;1;10;0;1
e4c32daf08e6402c918e9140ff3258b0;1;1;1;1;1;1;1;1;1;0;9;1;1
12c6c1f0e5fb3368ab6554107edd565a;1;1;1;1;1;1;1;1;1;1;10;1;1
dc15eedf933207256df7a8d53e0318b5;1;1;1;1;1;1;1;1;1;1;10;1;1
514c4902edd3b52db3447d7a677580ac;1;1;1;1;1;1;1;1;1;1;10;1;1
d80fbf3a70777f6c6185572735be18ca;1;1;1;1;1;1;1;1;1;1;10;1;1
c526de0ef069e08b79e6c09f8c30d098;1;1;1;1;1;1;1;1;1;1;10;1;1
62b4f22402ef8124a627dc921e977463;1;1;1;1;1;1;1;1;1;1;10;1;1
18a13f7702d5ea5c943dab686f3d953f;1;1;1;1;1;1;1;1;1;1;10;1;1
fe2c7229891329bd1590ab1ce9a50bb1;1;1;1;1;1;1;1;1;1;1;10;1;1
b3e8431291e6bca9ae08c032b07ff2aa;0;0;0;1;1;1;1;1;1;0;6;1;1
b97cb53350531b16916052fcf1ccdf53;1;1;1;1;1;1;1;1;1;1;10;1;1
b0cac1cdd3c9ab7d332811850ddd8ab9;1;1;1;1;1;1;1;1;1;1;10;1;1
1a4c60ff72699c00de23a1976ba434c8;1;1;1;1;1;1;1;1;1;1;10;1;1
8598be44fee4a0f4002811394de881c3;0;0;0;1;1;0;0;1;0;0;3;1;1
315f6dd2738e1be092e66201866753bb;1;1;1;1;1;1;1;1;1;1;10;1;1
3541e03c1641b9e634af1519fde15861;1;1;1;1;1;1;1;1;1;1;10;0;1
6ebe8a48cb4670242ca38a3065f2b154;1;1;1;1;1;1;1;1;1;1;10;1;1
a88068b3e985225483b4bb7a2d47ec81;1;1;1;1;1;1;1;0;1;1;9;1;1
1ec5e650aa3eb775e3bce1d961238bf9;1;1;1;1;1;1;1;1;1;1;10;1;1
6f9ce67a343b9f8bed90957132be043c;1;1;1;1;1;1;1;1;1;1;10;1;1
6ee086f9280e9b6dd55baeb5d247b8fc;0;0;1;1;1;1;1;1;1;1;8;1;1
7a2aa5296d6dd24fe46491052910b9d0;1;1;1;1;1;1;1;1;1;1;10;1;1
c5a8bc40ff71edd375159f5acb24727b;1;1;1;1;1;1;1;1;1;1;10;1;1
d37e0ec1dcb659079b3fa7deaa66ee45;1;1;1;1;1;1;1;1;1;1;10;1;1
e5b79d5699c82c22ac989a739754340d;1;1;1;1;1;1;1;1;1;1;10;1;1
9e0d55ea6fbd06df70af866d0fe5bb79;1;1;1;1;1;1;1;1;1;1;10;1;1
fae23a2a64b058a1b32f2720069ea39f;1;1;1;1;1;1;1;1;1;1;10;1;1
6e781b726c45d693c88ae0bdf8e6337b;0;0;0;1;1;0;0;1;1;0;4;1;1
61d6647fc63e47f09f89795e8416a518;1;1;1;1;1;1;1;1;1;1;10;1;1
2636db61841d283706bb00860da62c36;1;1;1;1;1;1;1;1;1;1;10;1;1
df4fff7588f6cfe466453047f068131f;1;1;1;1;1;1;1;1;1;1;10;1;1
5fabcf20e6b192a9a83162a307a92f66;1;1;1;1;1;1;1;1;1;0;9;1;1
f6ed17484c4ea723b3761dc12c49724e;1;1;1;1;1;1;1;1;1;1;10;1;1
4a37a3769de56de4edcc8853d50e29e0;1;1;1;1;1;1;1;1;1;0;9;1;1
ccbd8c021b03a2815dc6cd096e353149;1;1;1;1;1;1;1;1;1;1;10;1;1
42a1bf57e59510b27b6128f1edc76fa7;1;1;1;1;1;1;1;1;1;1;10;1;1
f844aa99606de3330a2ec9cb80bf6a5f;1;1;1;1;1;1;1;1;1;1;10;1;1
23131a649f523235cca4f88db2342807;1;1;1;1;1;1;1;1;1;1;10;1;1
1a48873c310f6de3254ff1858df52a53;1;1;1;1;1;1;1;1;1;1;10;1;1
2d9321260dc3b2d604770a4fff62dee7;1;1;1;1;1;1;1;1;1;1;10;1;1
fb0611d2ff9394163a5aa3fd0082a628;1;1;1;1;1;1;1;1;1;1;10;1;1
fda41b6c829f05a7ffbee54fa50e1dff;1;1;1;1;1;1;1;1;1;1;10;1;1
2ce47dff1024cea46a2e5c36ade44542;1;1;1;1;1;1;1;1;1;1;10;1;1
4d7528ff3e3e634db83bdc55c56ac62a;1;1;1;1;1;1;1;1;1;1;10;1;1
2ffa7bda29c01daec48402fb8e13a7d1;1;1;1;1;1;1;1;1;1;1;10;1;1
b79f3a37ad95e302618c614261703c7e;1;1;1;1;1;1;1;1;1;1;10;1;1
53cb7728b9a6c3348d3d690f838a4415;1;1;1;1;1;1;1;1;1;0;9;1;1
3184692381d9945f02f5a4bece23818f;1;1;1;1;1;1;1;1;1;1;10;1;1
0a86052dfb04ae542ae61d99bed7a789;1;1;1;1;1;1;1;1;1;1;10;1;1
80bf3d2f70c294bc8f260711b390a649;1;1;1;1;1;1;1;1;1;1;10;1;1
5bf14fa31940ec3bd25065d3d51fe36d;1;1;1;1;1;1;1;1;1;1;10;1;1
cf84bcaee07c71ce84e017806ceb559a;1;1;1;1;1;1;1;1;1;1;10;1;1
c0fc064fe7143853d78f95b93e952712;1;1;1;1;1;1;1;1;1;1;10;1;1
2cda3d4c1cebec83dae1823e48b2129a;1;1;1;1;1;1;1;1;1;1;10;1;1
c4df328f52522f048ca32b7e479fc0ac;1;1;1;1;1;1;1;1;1;1;10;1;1
6dd53f259450823e6b2831a7bf79189b;1;1;1;1;1;1;1;1;1;1;10;1;1
4260854d5c242d69107f49bad604b5c5;1;1;1;1;1;1;1;1;1;1;10;1;1
1b65367efe80a7478d11c3930d3ef320;1;1;1;1;1;1;1;1;1;1;10;1;1
63831c721dddee09571fe4d9df808576;1;1;1;1;1;1;1;1;1;1;10;1;1
d661c9e364745c8487438ee2dc1bdb6c;1;1;1;1;1;1;1;1;1;1;10;1;1
4a2f69f6f9905171f39674eb3da90c58;1;1;1;1;1;1;1;1;1;1;10;1;1
80aa55446b619b6e8f81daae7fc3ce7a;1;1;1;1;1;1;1;1;1;0;9;1;1
5a0f3b69836dad4025cc1eb1825759b8;1;1;1;1;1;1;1;1;1;1;10;1;1
43c89b8dc5f9cac3d143238ba74c9002;1;1;1;1;1;1;1;1;1;1;10;1;1
5c1b56abfcddfaa0d8c3c81a2ea7b382;1;1;1;1;1;1;1;1;1;1;10;1;1
fd9c048a24d2896e2a3dc2cbd921a8fc;1;1;1;1;1;1;1;1;1;1;10;1;1
c6b0da8a4b100bee3958498acdbcf97d;0;0;1;1;1;1;1;1;1;0;7;0;1
0b0c4c786d5d284d19fa1a35c526d29e;1;1;1;1;1;1;1;1;1;1;10;1;1
b551446aa08f4a74541817adc7324b09;1;1;1;1;1;1;1;1;1;1;10;1;1
aa1b509d21385c7c040277aeb3627b40;1;1;1;1;1;1;1;1;1;1;10;1;1
80bc493320984ff93bab6866eaf0fd2e;1;1;1;1;1;1;1;1;1;0;9;1;1
7507fa9b94527509a21acb9bfe828508;1;1;1;1;1;1;1;1;1;1;10;1;1
052e0c02edf62d8f10ea2cf2bcfb3b1f;1;1;1;1;1;1;1;1;1;1;10;1;1
37aa5a40f887d4af4058ed721e3b400d;1;1;1;1;1;1;1;1;1;1;10;1;1
20e5e4607fb6e9311173af7ee5449408;1;1;1;1;1;1;1;1;1;1;10;1;1
ee742e9dfe68e5f4633d4d2ef3fce549;1;1;1;1;1;1;1;1;1;1;10;1;1
7b561962d5f88a3d4dd20051e5a5420f;1;1;1;1;1;1;1;1;1;1;10;0;1
a18d9db929d60c27e9221ba0bd98d383;1;1;1;1;1;1;1;1;1;1;10;1;1
f5a55070ea8c80fab69335db6e299fc4;1;1;1;1;1;1;1;1;1;1;10;1;1
5521b99b3fddfd85d4e3deecd76ca528;0;1;0;1;1;1;1;1;1;0;7;1;1
996ce3baed8706a997035fd35c248656;1;1;1;1;1;1;1;1;1;1;10;1;1
d5018aef7607063ada3f857ecb191fc3;1;1;1;1;1;1;1;1;1;1;10;1;1
5b3fb95fa42b86e2e42f74193283ec8b;1;1;1;1;1;1;1;1;1;1;10;1;1
50f02724daf9a947077fc3b57e842018;1;1;1;1;1;1;1;1;1;1;10;1;1
95867174d74b9ef93160d27750a78b46;1;1;1;1;1;1;1;1;1;1;10;1;1
1a1521bde6fed2fd290901228f5a5924;1;1;1;1;1;1;1;1;1;1;10;1;1
2e65e1e1cbc00f87cc1756e9c37dd93a;1;1;1;1;1;1;1;1;1;1;10;1;1
4fe63b1b3dd8e7b79e4a8ca5f1780a6d;1;1;1;1;1;1;1;1;1;1;10;1;1
8e35b423a18fafd76c7de83fafeae683;1;1;1;1;1;1;1;1;1;1;10;1;1
5048b25921a0da530b45c01906eb5eed;1;1;1;1;1;1;1;1;1;1;10;1;1
33b1f895b3905d4591207565ebfefef4;1;1;1;1;1;1;1;1;1;1;10;1;1
40c280a62f35928636eaaabcae6dabf2;0;0;0;0;1;1;1;1;0;0;4;1;1
d512d6b49f15156aa346c4670b31b30c;1;1;1;1;1;1;1;1;1;1;10;1;1
0ecce147e3707b38a552b1f9a42f6d04;1;1;1;1;1;1;1;1;1;1;10;1;1
4ee848a46c7d484b8f8bfc3322744913;1;1;1;1;1;1;1;1;1;1;10;1;1
171c1c6d307afbae2957e741a4d4412f;0;1;1;1;1;1;1;1;1;1;9;1;1
9eecfb090fcf1859e91a84aed74320b3;0;1;1;1;1;1;1;1;1;1;9;1;1
4527f0055a21654ff0892d7a4a88d1ec;1;1;1;1;1;1;1;1;1;1;10;1;1
5b40edf88da1368b9387719cfc665a06;1;1;1;1;1;1;1;1;1;1;10;1;1
098b98588b0faa853692e46398be8f28;1;1;1;1;1;1;1;1;1;1;10;1;1
096a791524b9ff0ee657822bc7c4636b;1;1;1;1;0;1;1;1;1;1;9;1;1
48caa205c1567faffb5d57067cedbbbe;1;1;1;1;1;1;1;1;1;1;10;1;1
95e8b0a33373d0d50ed29a69bb8a546a;1;1;1;1;1;1;1;1;1;1;10;1;1
cacc88f2d5f39e672ea5a23a45afeb41;1;1;1;1;1;1;1;1;1;1;10;1;1
f06440061f56d54de6bd9d3dfc658d2f;1;1;1;1;1;1;1;1;1;1;10;1;1
ced81e31c004615c1ff4c96b33e34bc8;0;0;0;1;1;0;0;1;0;0;3;1;1
071fda1d63bda3250d443132084998b4;1;1;1;1;1;1;1;1;1;1;10;1;1
c1d1a4779b83db2074a7f91fdc8ea860;1;1;1;1;1;1;1;1;1;1;10;0;1
876ad043170723c8693ea5762ad8c89b;1;1;1;1;1;1;1;1;1;1;10;1;1
3883a4a6a1e0bea639ff992d712d914f;1;1;1;1;1;1;1;1;1;1;10;1;1
905359fdbefb6263bc5f31579000a0d8;1;1;1;1;1;1;1;1;1;1;10;1;1
baa1fb8329f7fcc164e6ad74b2e38940;1;1;1;1;1;1;1;1;1;1;10;1;1
a121785f9e4dd32b48a5e0e34fdee6da;1;1;1;1;1;0;1;1;1;1;9;1;1
32b2c85efdbb016ad3c04fd3e4ff4cee;1;1;1;1;1;1;1;1;1;1;10;1;1
6c9b76df914bcb11d60b2c802dc60302;0;1;1;1;1;1;1;1;1;1;9;1;1
852a4733ff964d38262a5e3d5161ea97;1;1;1;1;1;1;1;1;1;1;10;1;1
6493e77b005827994d24d53f156ebb70;1;1;1;0;1;1;1;1;1;1;9;1;1
dfa5e4fd4ec7c885aec6150c8723b813;1;1;1;1;1;1;1;1;1;1;10;0;1
c07d7a3acbc71929c81811a3249c0ca4;0;0;0;1;1;0;0;1;1;0;4;1;1
80a403850f764cd5b6b6ca7815d1eef8;1;1;1;1;1;1;1;1;1;1;10;1;1
fd81cbb883033274471a48ed055ff2e1;1;1;1;1;1;1;1;1;1;1;10;1;1
70a2de1c874b1061b6b819337db1d5f1;1;1;1;1;1;1;1;1;1;1;10;1;1
9e7946bf49e30aeb4b5111a624ef2981;0;1;1;1;0;1;1;0;1;1;7;1;1
2638813001d70ad71e97327e791087bd;1;1;1;1;1;1;1;1;1;1;10;1;1
c5c0b0b5155a76c8037160aacca73866;0;1;0;1;0;1;0;1;0;0;4;1;1
f417019a58819094264b9687afaafcf4;1;1;1;1;1;1;1;1;1;1;10;1;1
ec5dbab7a41c69f9bcb9acc0b09a9429;0;0;1;1;1;1;1;1;0;1;7;1;1
70dbb242696f558da229bee0b1da7db1;0;0;1;0;1;0;1;1;0;1;5;1;1
061aead87b37a7e79e0ac79d966ed8ee;1;1;1;1;1;1;1;1;1;1;10;1;1
ca9b1397310d3cbe5af8773585cbfd29;1;1;1;1;1;1;1;1;1;1;10;1;1
47c8e87ea31312b22b44904833336cc9;1;1;1;1;0;1;1;0;1;0;7;1;1
6a22be01906d153bad9960303f5022b2;1;1;1;1;1;1;1;1;1;1;10;1;1
0838d900087e43a28d69209f6712e95c;1;1;1;1;1;1;1;1;1;1;10;1;1
f552bfa09812593f31dad0b05e55b0b2;1;1;1;1;1;1;1;1;1;1;10;1;1
8f51d6e7fb36bad332f41c398b731763;1;1;1;1;1;1;1;1;1;1;10;1;1
26b7e9017baf7dda3a436f4a69ad7020;1;1;1;1;1;1;1;1;1;1;10;1;1
1fa18abde13192d33d6347abe0bf734e;1;1;1;1;1;1;1;1;1;1;10;1;1
564497b4dd4f071cec6aff95925f2399;1;1;1;1;1;1;1;1;1;1;10;1;1
79b7b9cc898ec6a19baa53da2018113b;1;1;1;1;1;1;1;1;1;1;10;1;1
91525a4a2e396ba3f30e5b583ce3a7ad;1;1;1;1;1;1;1;1;1;1;10;1;1
74739791ddbaa5cb3a31ec914de4cf3d;1;1;1;1;1;1;1;1;1;1;10;1;1
283656add09f95a98ccd49bbe953cc84;1;1;1;1;1;1;1;1;1;1;10;1;1
daff1c9f89fe979a59e0633d072b359e;0;0;0;0;0;0;0;0;0;0;0;1;0
44121c6dc43f3b42ee63ac3ed9c848bf;1;1;1;1;1;1;1;1;1;1;10;1;1
5c3beb4f7e74959a30f3a44bbc3eeaa3;1;1;1;1;1;1;1;1;1;1;10;1;1
6cd11fe1038867baa38ad7fbce1298b6;1;1;1;1;1;1;1;1;1;1;10;1;1
545f0d6c85e724cdf181bbb695d6adb1;1;1;1;1;1;1;1;1;1;1;10;1;1
6846c9d04a338a95f1f4182dcf16fc5a;1;1;1;1;1;1;1;1;1;1;10;1;1
3d26275ccc120102d07f995e3c2ef412;1;1;1;1;1;1;1;1;1;1;10;1;1
5fec9fd6977ba4a9ab185ca038431c32;1;1;1;1;1;1;1;1;1;1;10;1;1
7a92a498c097cda94c621d34c51a50f6;1;1;1;1;1;1;1;1;1;1;10;1;1
a178aff9e04bff7f255b1e2c5bcf4d6a;1;1;1;1;1;1;1;1;1;1;10;1;1
b24b679be31293b67afbbbd90bf7d4c1;1;1;1;1;1;1;1;1;1;1;10;1;1
c52a6413be880fd815cd76f4c59f1e46;1;1;1;1;1;1;1;1;1;1;10;1;1
af882f80c603ea5be31bfaa6c9306e27;1;1;1;1;1;1;1;1;1;1;10;1;1
54589594a823e0dd95951c481aee66db;1;1;1;1;1;1;1;1;1;1;10;1;1
62ed509fb1d4970cdce54f932c62f183;1;1;1;1;1;1;1;1;1;1;10;1;1
357dd51ebcab4a9fa66e0ee5cb9cf249;0;1;1;1;1;1;1;1;1;1;9;1;1
3af6c90f7f68a433eeb65af4640a813c;1;1;1;1;1;1;1;1;1;1;10;1;1
1f3778e3ada25676eaa4b59551901ad8;1;1;1;1;1;1;1;1;1;1;10;1;1
a5375147434baba2a3eb32606e9931b5;1;1;1;1;1;1;1;1;1;1;10;1;1
78d8a849b889ce5fb3e132648e314a7f;1;1;1;1;1;1;1;1;1;1;10;1;1
421a7bd8d40cb10d642deee7f6a50efa;1;1;1;1;1;1;1;1;1;1;10;1;1
968690a9a30354aab598da222b168d95;1;1;1;1;1;1;1;1;1;1;10;1;1
784d27170c1761184cef189fa4889cc6;1;1;1;1;1;1;1;1;1;0;9;1;1
a032d134cf0aafcf151d28f7cd7a8262;1;1;1;1;1;1;1;1;1;1;10;0;1
b250362001c85e727f8c927beb0acf78;1;1;1;1;1;1;1;1;1;1;10;1;1
1c57eb8598e7173642150517abe9e4f5;1;1;1;1;1;1;1;1;1;1;10;1;1
46112aeb7a25f6e32650770726a11752;1;1;1;1;1;1;1;1;1;1;10;1;1
dfc35465410b9a662acdfaa9ae403f05;1;1;1;1;1;1;1;1;1;1;10;1;1
7a3f5383d3fc1c109b0edded3b6b25be;1;1;1;1;1;1;1;1;1;1;10;1;1
9ea823051ff87f8a95f3d3dc63ccbb83;1;1;1;1;1;1;1;1;1;1;10;1;1
152810665e8cb6bcc1c61230b6e929d7;1;1;1;1;1;1;1;1;1;1;10;1;1
bef88a7cdfedb63d06bcd5701fbd3299;1;1;1;1;1;0;1;1;1;1;9;1;1
56921bed6e4dd3ba4064557d453e403e;1;1;1;1;1;1;1;1;1;1;10;1;1
c821c12f3efda062f6a8b00de3685f5b;1;1;1;1;1;1;1;1;1;1;10;1;1
0312f8330872d38f6db75ecf53acc62c;1;1;1;1;1;1;1;1;1;1;10;1;1
ce18b8f4a7ce5fabbd492526ab690753;1;1;1;1;1;1;1;1;1;1;10;1;1
b5de70712b8019f5209ea76c30d8874a;0;0;1;1;0;0;1;0;1;0;4;1;1
c3b9975b7840866bd3a00265804ca5a7;1;1;1;1;1;1;1;1;1;1;10;1;1
2eb615a83afed8792190b04dea641217;1;1;1;1;1;1;1;1;1;1;10;1;1
beb47225071bd8762c0cb0d6e609129d;1;1;1;1;1;1;1;1;1;1;10;1;1
3270f89a953f6ba0eab5ebc529b313d2;1;1;1;1;1;1;1;1;1;1;10;1;1
b8cba2d509d5bcbd1857332c6974e40f;1;1;1;1;1;1;1;1;1;1;10;1;1
0d815b2dfbfa80fbeb07aa8002c502df;1;1;1;1;1;1;1;1;1;1;10;1;1
ea534faca989f631e4c06ca297b43550;0;1;1;0;1;1;1;1;1;0;7;1;1
a8ed7245785b2bd040b1aa39c303081d;1;1;1;1;1;1;1;1;1;1;10;1;1
bdf0bd829a591a7786fa902c788a0590;1;1;1;1;1;1;1;1;1;1;10;1;1
06e797b860892742cc3ad150d7196eb0;1;1;1;1;1;1;1;1;1;1;10;1;1
99ca5a1308ec81ca6974a1159055fc90;1;1;1;1;1;1;1;1;1;1;10;1;1
f43dbc77e78eec495daef1fa8c28021d;1;1;1;1;1;1;1;1;1;1;10;1;1
85a206115a80d17c60affe071a0358a3;1;1;1;1;1;1;1;1;1;1;10;1;1
51f9a5e2905c65438087d5384d13496c;1;1;1;1;1;1;1;1;1;1;10;1;1
05763355c5b68d130975cbd150e8b9b5;1;1;1;1;1;1;1;1;1;1;10;1;1
f032f213e4ed0c5083faf4e88c2c6b06;1;1;1;1;1;1;1;1;1;1;10;1;1
6260b545f4f514191ffa8127dad1c1cd;0;1;1;1;1;0;1;1;1;0;7;1;1
846b1e88956d891648750465642f6222;1;1;1;1;1;1;1;1;1;1;10;1;1
1165392f59409f57cc98f9700e341d2f;1;1;1;1;1;0;1;0;1;1;8;1;1
a64815655a7dd85569ec91dd944fbdf3;1;1;1;1;1;1;1;1;1;1;10;1;1
36eb80897ad85742010328a1bd0a620d;1;1;1;1;1;1;1;1;1;1;10;1;1
f9f3d9e01d4a743db0da14e09a1ee59d;0;0;1;1;1;1;1;1;0;1;7;1;1
f4e6468d9dc7466f1ee7fe0358fd1ac3;1;1;1;1;1;1;1;1;1;1;10;1;1
6828ff96e066b087396b0869969c594a;0;0;0;1;1;0;0;1;1;0;4;1;1
d87d67b8a32ce738891d5504bfa2e69b;1;1;1;1;1;1;1;1;1;1;10;1;1
454ff9cce1b7c0fcff62fac3934e388e;1;1;1;1;1;1;1;1;1;1;10;1;1
a453f5b3522630459383cdd9af183cec;1;1;1;1;1;1;1;1;1;1;10;1;1
5779096d3be228da0d90a9749b5358c9;1;1;1;1;1;1;1;1;1;1;10;1;1
b3da0f0fb6b49eccb296a032566a82d4;1;1;1;1;1;1;1;1;1;1;10;1;1
c1972a9357d0972df42366128e0c72f9;1;1;1;1;1;1;1;1;1;1;10;1;1
9be7ccf2784692c34f0a23ee1c6cdf96;1;1;1;1;1;1;1;1;1;1;10;1;1
f8867101a2ca99c571360d7d95a8116d;0;1;1;1;1;1;1;1;1;1;9;1;1
dce9e32cb1e6cc8facd20fabdb98e055;1;1;1;1;1;1;1;1;1;1;10;1;1
b51dc2e54ea5a652110189df2322e8ef;1;1;1;1;1;1;1;1;0;1;9;1;1
0cef0b3b15c9824d99e5cc0326e41850;1;1;1;1;1;1;1;1;1;1;10;1;1
6e0cdaf8f0d69e5b0d4b668ca57054f8;1;1;1;1;1;1;0;1;1;1;9;1;1
a971f167c7bf6ffcc0e9a8cd75101ed1;1;1;1;1;1;1;1;1;1;1;10;1;1
28ce943a61b6513025121ebb98c91a92;1;1;1;1;1;1;1;1;1;1;10;1;1
0189f099f1d4340903c64c40fcf3d3a2;1;1;1;1;0;1;1;1;1;1;9;1;1
cc7acb4bb6c67df81bb3b77292f142e7;1;1;1;1;1;1;1;1;1;1;10;1;1
fef067c2e31de9d1ae8f63155e439b1e;1;1;1;1;1;1;1;1;1;1;10;1;1
203fc26510ef07de316e740fb2c40418;1;1;1;1;1;1;1;1;1;1;10;1;1
065cfa71e11cd67ea14f3c072363167b;1;1;1;1;1;1;1;1;1;1;10;1;1
2284537600220af7260edf79f48aeeb8;1;1;1;1;1;1;1;1;1;1;10;1;1
2a3778d63136b50697257cce57dfb445;1;1;1;1;1;1;1;1;1;1;10;1;1
efcb0ea8ab24f7848c9f660a517bf52c;1;1;1;1;1;1;1;1;1;1;10;1;1
2dd6dbfea8aadb84e8dac1f8666471f1;1;1;1;1;1;1;1;1;1;1;10;1;1
4a2827e59e646de4a83818f494796b96;1;1;1;1;1;1;1;1;1;1;10;1;1
14372b30495e6d129269345dd1f700bd;1;1;1;1;1;1;1;1;1;1;10;1;1
7bfad62088a9d2186c233c0d346a58de;1;1;1;1;1;1;1;1;1;1;10;1;1
7dcdc2edb4a8e3d2225ad3fa8d0eda26;1;1;1;1;1;1;1;1;1;1;10;1;1
67a58e0cd56c1347fdb8dfd6daa163c9;1;1;1;1;1;1;1;1;1;1;10;1;1
234b06c483e9c1677556b38cd0550dee;1;1;1;1;1;1;1;1;1;0;9;1;1
b649ecb20453dca4f584fb748bd2544c;1;1;1;1;1;1;1;1;1;1;10;1;1
5cc4bab9bd01d39b3e5da9fd8f2d7bfe;1;1;1;1;1;1;1;1;0;0;8;1;1
bfacc0776d5f94bdafef6f08a068636d;1;1;1;1;1;1;1;1;1;1;10;1;1
05bf406665b0dd8d707bcd22dc7eb848;1;1;1;1;1;1;1;1;1;1;10;1;1
48e7d87a5b455577e32367b135fe5443;1;1;1;1;1;1;1;1;1;1;10;1;1
a531560825466e3ca6e382e147ff508f;1;1;1;1;1;1;1;1;1;1;10;1;1
5df31efe4011afb75d9fddbc55387de0;1;1;1;1;1;1;1;1;1;1;10;1;1
5df538e080dbe410f614180e895fa655;1;1;1;1;1;1;1;1;1;1;10;0;1
0a35be8d4befa2e0ec7c8b4a6af60e0f;1;1;1;1;1;1;1;1;1;0;9;1;1
e8806faa3786b5ce44be24c5ff561a64;1;1;1;1;1;1;1;1;1;1;10;1;1
419d67b905921ce02525873d23f7eea2;1;1;1;1;1;1;1;1;1;0;9;1;1
91bbbbaa8fd48d976aec6df12f22e45c;1;1;1;1;1;1;1;1;1;1;10;1;1
efb85e9c520fd414ce799325662d52cf;1;1;1;1;1;1;1;1;1;1;10;1;1
6c2e11f32932cc245e2c4707a07bd292;1;1;1;1;1;1;1;1;1;1;10;1;1
1365aaf75ca107081e4e04d2ee5966ae;1;1;1;1;1;1;1;1;1;1;10;1;1
b4c49c545d8aded937b593a504e37b9c;1;1;1;1;1;1;1;1;1;1;10;1;1
2c4dc48faf5e1cef38de28d2f6d1afd4;1;1;1;1;1;1;1;1;1;1;10;1;1
5717da853c5f74813ff5b5cbf49bb140;1;1;1;1;1;1;1;1;1;1;10;1;1
aed7063ecfeb47a9ffbd2df244d7cf3c;0;0;1;1;1;1;0;1;1;0;6;1;1
bdcf110abccdcba43da2d92997384811;1;1;1;1;1;1;1;1;1;1;10;1;1
6dd7773f1243d53e392e0d6c8f2c9b6d;1;1;1;1;1;1;1;1;1;1;10;1;1
1c752e854d80b8d499ae0ff36c475d87;1;1;1;1;1;1;1;1;1;1;10;1;1
fcfa6cfa2c5e883d36c5252da68c7963;1;1;1;1;1;1;1;1;1;1;10;1;1
8e41c1d9b38c6251dbe938274ce44995;1;1;1;1;1;0;1;1;1;0;8;1;1
9f175d0f4059a706f2944a4fd6572ed4;1;1;1;1;1;1;1;1;1;1;10;1;1
ce27b4d4cb117a46a9de2c960495ac3d;1;1;1;1;1;1;1;1;1;1;10;1;1
d0b6b9e96ece4d455cbcfc5fadf81632;1;1;1;1;1;0;0;0;0;0;5;1;1
ae9b1fc1664a723d1c67bf81e7452a95;1;1;1;1;1;1;1;1;1;1;10;1;1
5e46a1a48700186e46692a36167a56ab;1;1;1;1;1;1;1;1;1;1;10;1;1
28f8f1ee48b167aa262888997e9f8ef9;1;1;1;1;1;1;1;1;1;1;10;1;1
2184af28a35fa82fd8a4d068e8326fcd;1;1;1;1;1;1;1;1;1;1;10;1;1
66dbba0b9fa91f0018d5367e30026fa1;1;1;1;1;1;1;1;1;1;1;10;1;1
ba4834b91b18113ebe7fce268e302693;1;1;1;1;1;1;1;1;1;1;10;1;1
9ad15b4c1adf4e4139d66382e743c0b3;1;1;1;1;1;1;1;1;1;1;10;1;1
80cab3667cc61cef0947b0d90754d33e;1;1;1;1;1;1;1;1;1;1;10;1;1
9e71646537707b80e79ba368841f82a6;1;1;1;1;1;1;1;1;1;1;10;1;1
b16f29378b23bb9802f6564228b176a0;1;1;1;1;1;1;1;1;1;1;10;0;1
cb29b25b3afa9f01540dbb781268094c;0;1;1;1;1;1;1;1;1;1;9;1;1
bd1c429c2ea9b2c200470e0859761692;1;1;1;1;1;1;1;1;1;1;10;1;1
246545348c2cf1464e45eae059292cf0;1;1;1;1;1;1;1;1;1;1;10;1;1
73c303c66d9fa399f916258df5c5c294;1;1;1;1;1;1;1;1;1;1;10;1;1
ade6bcd3535fb263392586a1782b6cce;0;1;1;1;1;1;1;1;1;0;8;1;1
47ad3459403015f3075e78a0e4be5b5d;1;1;1;1;1;1;1;1;1;1;10;1;1
6324c6221e546b21e7c378f0030f3924;1;1;1;1;1;1;1;1;1;1;10;1;1
5614c61123bd258268b2798cb0077656;1;1;1;1;1;1;1;1;1;1;10;1;1
2b1b6a99d9427ced3bcaaf141dd36b34;1;1;1;1;1;1;1;1;1;0;9;1;1
986ed6658f8c04e39b2889c7928db861;1;1;1;1;1;1;1;1;1;1;10;1;1
502277fa872065e4f304235e47b913bf;1;1;1;1;0;1;1;1;1;1;9;1;1
29de08fd4ba39df327d82081480d48f4;1;1;1;1;1;1;1;1;1;1;10;1;1
853167a3aef4fd13144623c4e71060ec;1;1;1;1;1;1;1;1;1;1;10;1;1
6d6005a33d3acd5eb8ea42017c5777be;1;1;1;1;1;1;1;1;1;1;10;1;1
2ace13c926ee9b047a6d9451cf817b0b;1;1;1;1;1;1;1;0;1;0;8;1;1
202b5f25f00160ecc1f1f19dd69e7f52;1;1;1;1;1;1;1;1;1;1;10;1;1
b32917b46766c4108d903b373334f6f4;1;1;1;1;1;1;1;1;1;1;10;1;1
edc3c356818b592db634cb08173426fd;0;0;0;0;0;0;0;0;0;0;0;1;0
51d1a0f1e5b37e5f19d71573805f8f50;1;1;1;1;1;1;1;1;1;1;10;1;1
7614508b047c4cbde774ffb3e73a27f0;1;1;1;1;1;1;1;1;1;1;10;1;1
e4b3a7f5c5173c5ca72f3a5d5bc2d4d6;1;1;1;1;1;1;1;1;1;1;10;1;1
e6dcdf7bc25abb220619bd4d2509e333;1;1;1;1;1;1;1;1;1;1;10;1;1
647311af41205ee9cb01ebb1b6ea2854;1;1;1;1;1;1;1;1;1;1;10;1;1
5d9dd0858ee1ec684a28d383ee2f2aed;1;1;1;1;1;1;1;1;1;1;10;1;1
5a68d27a6d644b88a59ae764acaad552;1;1;1;1;1;1;1;1;1;1;10;1;1
21dc3285ffff317cbd64b72876e4e67e;1;1;1;1;1;1;1;1;1;1;10;1;1
c9f8c7d4081d1240523d4bf08b8fcfb8;1;1;1;1;1;1;1;1;1;0;9;1;1
18462550d8990fa8dd875202a4086e44;1;1;1;1;1;1;1;1;0;1;9;1;1
a2f81a69fee009d99bc62a5a9e5963b4;1;1;1;1;1;1;1;1;1;1;10;1;1
533e3fea97dd1e69d3511a37b4e5cec2;1;1;1;1;0;1;1;0;1;0;7;1;1
8607ba047abf1a8403746257cf1a89a8;1;1;1;0;1;1;1;1;1;0;8;1;1
3c37c322eabf6eda7375d85e15e3c6e3;1;1;1;1;1;1;1;1;1;1;10;1;1
a8957f5ecb9c4fbde7e32a24470dfde2;1;1;1;1;1;1;1;1;1;1;10;1;1
e0a0aae80643ff1c4aa0d54eac654d5d;1;1;1;1;1;1;1;1;1;1;10;1;1
2d21a057732df6fea4e51ef8e41a9248;1;1;1;1;1;1;1;1;1;1;10;1;1
e57dacdc91e97c02b7476df185461f2f;1;1;1;1;1;1;1;1;1;1;10;1;1
c6206b8eacabc1dc3578cec2b91c949a;1;1;1;1;1;1;1;1;1;1;10;1;1
f66e2aff63dc5cfe21f8128a37f984bd;1;1;1;1;1;1;1;1;1;1;10;1;1
a7beb5e973fa661d6eb213931bcc65d2;1;1;1;1;1;1;1;1;1;1;10;1;1
8735fdecaf1b74839525ab1d8ca5d5a7;1;1;1;1;1;1;1;1;1;1;10;1;1
0176a34057e7db4cc4810bb8eedad9cd;1;1;1;1;1;1;1;1;1;1;10;1;1
601171cbe5411baa6f24208fd650b48d;1;1;1;1;1;1;1;1;1;1;10;1;1
194c3c8df366963430bd1eae6b185804;1;1;1;1;1;1;1;1;1;1;10;1;1
d94d1332d48398914da9f4b343c528e2;1;1;1;1;1;1;1;1;1;1;10;1;1
6a381f91caf7457c693a456290bb332a;1;1;1;1;1;1;1;1;1;1;10;1;1
ac198285c4fc9b3289e5a7b24e811205;1;1;1;1;1;1;1;1;1;1;10;1;1
2ec576903c85a3668c6de3638190fb70;1;1;1;1;1;1;1;1;1;1;10;1;1
f5667684726e15e1d971fd9fd6edafac;1;1;1;1;1;1;1;1;1;1;10;1;1
2f789773ba1a14aaeed41351f1f847b7;1;1;1;1;1;1;1;1;1;1;10;1;1
d19bb675f1556e2617e336c79369d991;0;1;1;1;1;1;1;1;1;0;8;1;1
7c96bd010e89acbdd3f8606ce25f0aea;1;1;1;1;1;1;1;1;1;1;10;1;1
fa312db59e0a012de174ed857f90b37d;1;1;1;1;1;1;1;1;1;1;10;1;1
b82caa1a58b2cab7db2b484c9ee6547e;1;1;1;1;1;1;1;1;1;1;10;0;1
98e28851d50f494054ed08feb1cc4326;1;1;1;1;1;1;1;1;1;1;10;1;1
c3eec589865de72c45fb4608e0b4736c;1;1;1;1;1;0;1;1;1;0;8;1;1
4dd6e8b706a8b9b1c9d79ae68aa2162a;1;1;1;1;0;1;1;1;1;1;9;1;1
f880bfe24416c9ba2cf23ad3c81c90c2;1;1;1;1;1;1;1;1;1;1;10;1;1
c24115637291488c8dd2fe40fab5dcd5;1;1;1;1;1;1;1;1;1;1;10;1;1
04686fa9ba01f92a3da7275b7482ce9c;1;1;1;1;1;1;1;1;1;1;10;1;1
001812d4672f4b14fc9f8d9c7a2993e5;0;0;0;1;1;1;1;1;1;0;6;1;1
7b73feb2fc03173fdf3e7345478af97c;1;1;1;1;1;1;1;1;1;1;10;1;1
381b4c883969b4529688d76ea311fd92;1;1;1;1;1;1;1;1;1;1;10;1;1
0655370878d273ca5ec456765c079fe8;1;1;1;1;1;1;1;1;1;1;10;1;1
a5db031ae31cd476ccc5478381c7b356;1;1;1;1;1;1;1;1;1;1;10;1;1
d79868aba4eaa4ff394bb07ec2785d10;1;1;1;1;1;1;1;1;1;1;10;1;1
213d1e140f17308a22a5c60dca29865b;1;1;1;1;1;1;1;1;1;1;10;1;1
e69a8eb94f65480980deaf1ff5a431a6;1;1;1;1;1;1;1;1;1;1;10;1;1
11b269a3fcb0fb384309a66abec6a724;1;1;1;1;1;1;1;1;1;1;10;1;1
4fb67120185f1f35a4ee966dd8673eb7;1;1;1;1;1;1;1;1;1;1;10;1;1
6e4f3b757ae0fcd360c90b78a28e9b52;1;1;1;1;1;1;1;1;1;1;10;1;1
faf8fa16db367aee00c9529e044207eb;1;1;1;1;1;1;1;1;1;1;10;1;1
2af9077a756600bf6ff971b864d84f4a;0;0;1;1;1;1;1;1;0;0;6;1;1
4d4c98eca32b14aeb074db34cd0881e4;0;0;0;0;0;0;0;0;0;0;0;1;0
3dfec10d4f1fe6f29a6b81c2c6501be2;1;1;1;1;1;1;1;1;1;1;10;1;1
af3a50a137967ab56f4b1982abbf88c6;1;1;1;1;1;1;1;1;1;1;10;1;1
b0b2a2cb5c962486bec09fce883b8c38;1;1;1;1;1;1;1;1;1;1;10;1;1
0546a5de3ee0d82d42e87c6032326b18;1;1;1;1;1;1;1;1;1;1;10;1;1
cb9293abf703fbc864aee58553b3e169;1;1;1;1;1;1;1;1;1;1;10;1;1
093a669a65b11c49ff04959d6eb4f2f1;1;1;1;1;1;1;1;1;1;1;10;1;1
3c0d0301f6db7f6aee371c163349838c;0;1;0;1;0;1;1;0;1;0;5;1;1
1c8f2480d5bfe4d9bbe8bc432ccc5c97;1;1;1;1;1;1;1;1;1;1;10;1;1
2a36b064aaa6bd6197ded3799e708fa6;1;1;1;1;1;1;1;1;1;1;10;1;1
9268cf2adae7afe71d418e6c31022884;1;1;1;1;1;0;1;1;1;1;9;0;1
20403e3ddd721263a1e484f776b5c2cc;1;1;1;1;1;1;1;1;1;1;10;1;1
95d3b622d696c1a31dbef624a2e47163;1;1;1;1;1;1;1;0;1;1;9;1;1
3e2f137d4c3c50b5c948ada299a19874;0;1;1;1;1;1;1;1;1;1;9;1;1
95b134e0e074680d1917dc9769f21604;1;1;1;1;1;1;1;1;1;1;10;1;1
decf95c2a49a998299af58e3611ba35d;1;1;1;1;1;1;1;1;1;1;10;1;1
b613f456425244f203571f5c7dfbc053;1;1;1;1;1;1;1;1;1;1;10;1;1
12aa6fa9aa6a381932293ea6fab98a12;1;1;1;1;1;1;1;1;1;1;10;1;1
9ddecabca1b0f6f3f73316c406ee38a0;0;0;1;1;1;1;1;1;0;1;7;1;1
62e1de2ff09af0750214638c70a1d633;1;1;1;1;1;1;1;1;1;1;10;1;1
def46fa8f7ed19921147161cb4d20164;0;1;1;1;1;1;1;1;1;1;9;1;1
992ecaa198bd84f1493c66aad56e5233;1;1;1;1;1;1;1;1;1;1;10;1;1
5ef5658813a6324dd3122a84a636f877;1;1;1;1;1;1;1;1;1;1;10;1;1
b24dc2820886e748d1619d824c898bc2;1;1;1;1;1;1;1;1;1;1;10;1;1
7aaf9f2416a96a2277f0b8ca1882b50a;1;1;1;1;1;1;1;1;1;1;10;1;1
0ba295c9b19580265e061e5febedf9f9;1;1;1;1;1;1;1;1;1;1;10;1;1
34d8364be0227837e9cd6503f426c08e;1;1;1;1;1;1;1;1;1;1;10;1;1
9e04026c162819342364cfb1212e5820;1;1;1;1;1;1;1;1;1;1;10;1;1
2346dc2f69e9b804205b16c3751a5731;1;1;1;1;1;1;1;1;1;1;10;1;1
5da19e66d3074ba6999f355bc06db682;1;1;1;1;1;1;1;1;1;1;10;1;1
be199e05a1dfb9ef1743c690070f9494;0;0;0;0;0;0;0;1;0;0;1;1;1
ab8c182c7bee19390432f606a59a28ff;1;1;1;1;1;1;1;1;1;1;10;1;1
b04f60e79b05a8604a7fd2a40b269912;1;1;1;1;1;1;1;1;1;1;10;1;1
3233e91556b5151b058bd2e0a69085b8;1;1;1;1;1;1;1;1;1;1;10;1;1
892acd5599a71dad6e0efa6a496c1b69;1;1;1;1;1;1;1;1;1;1;10;1;1
23c8c3823e2626cb1c6ff6649cb27abc;1;1;1;1;1;1;1;1;1;1;10;1;1
a60cca35e0cafdd6681655ef79bc323b;0;0;0;1;1;0;1;1;0;0;4;1;1
f1f8814239371bbaa60f2d2bced185e4;0;1;1;1;1;1;1;1;1;1;9;0;1
0b06034e28ee4e8289e987634f24c534;1;1;1;1;1;1;1;1;1;1;10;1;1
b7fe10e53b17e988979c9ce62951b633;1;1;1;1;1;1;1;1;1;1;10;1;1
082ed4a73761682f897ea1d7f4529f69;0;0;0;0;0;0;0;0;0;0;0;1;0
3e5606ac4cfc7377397427ef830512ab;1;1;1;1;1;1;1;1;1;1;10;1;1
af2a2b98d3cdf9f6f9fe651cc8d8a9b1;1;1;1;1;1;1;1;1;1;1;10;1;1
c86f2c726a8c5003717a8ec196127b25;1;1;1;1;1;1;1;1;1;1;10;1;1
2806c78c2c26ff4aac0cb1c2904e843c;1;1;1;1;1;1;1;1;1;1;10;1;1
5333e1b632ce2b66d90b8d13dc6d1f3e;1;1;1;1;1;1;1;1;1;1;10;1;1
c3782f33095e240a6c570b8d1265eaa4;1;1;1;1;1;1;1;1;1;1;10;1;1
eee51ed4cc3d02fab09ee8076e61acd3;1;1;1;1;1;1;1;1;1;1;10;1;1
086549079e1593e7975c3449820970cf;1;1;1;1;1;1;1;1;1;1;10;1;1
96b48d74275bd9d621e7b95ffee464aa;1;1;1;1;1;1;1;1;1;1;10;1;1
e188ca057b6a59ed8ac1e2f9f9630408;1;1;1;1;1;1;1;1;1;1;10;1;1
65d91afd6d190c5dfccd0c4b2faa7f76;1;1;1;1;1;1;1;1;1;1;10;1;1
c433ffd7b11f3871d538dde5ec0bd368;1;1;1;1;1;1;1;1;1;0;9;1;1
d7df8bb6076ac28fbaf6939e1e53fad9;1;1;1;1;1;1;1;1;1;1;10;1;1
53b2568fb9f2fb40aefb3d2a3d1896ba;1;1;1;1;1;1;1;1;1;1;10;1;1
70c4d5c030027ad6717effc742a99b4a;1;1;1;1;1;1;1;1;1;1;10;1;1
0f594997983db981f447a2ee5d640129;1;1;1;1;1;1;1;1;1;1;10;1;1
cd6021c427a01a9b64a94a987065f6e2;1;1;1;1;1;1;1;1;1;1;10;1;1
5185e2624d619013ab9c3623d25672a3;1;1;1;1;1;1;1;1;1;0;9;1;1
b76de9f293794dcf0acad1112d8a4081;1;1;1;1;1;1;1;1;1;1;10;1;1
181423851d911f99a69fc5cfaf000e2e;1;1;1;1;1;1;1;1;1;1;10;1;1
2df794f25c40f2dfd98e87a958d0be1e;1;1;1;1;1;1;1;1;1;1;10;1;1
fcee472fa8ef3f48fb73d445eb579bf6;1;1;1;1;1;1;1;1;1;1;10;1;1
cd50a4284e86c32cefc000be565f667b;1;1;1;1;1;1;1;1;1;1;10;1;1
c11a978107b9c9eb837c007c0b755193;0;0;0;1;1;1;0;0;0;0;3;1;1
f2a45dd3bf1205ff6053bbdd90665946;1;1;1;1;1;1;1;1;1;1;10;1;1
034a52fc02e9c56763a18719835a5320;0;1;1;1;1;1;1;1;1;1;9;1;1
7e62c5ed8c54d09ab424814681b2384f;1;1;1;1;1;1;1;1;1;1;10;1;1
b2772719d63317c9c1ce101c26df5d6e;1;1;1;1;1;1;1;1;1;1;10;1;1
e60179e34a62b8d6df5348d633d833c5;1;1;1;0;0;1;1;1;1;1;8;1;1
a09e69ee3581d5a21e7d03bb9358ce6a;1;1;1;1;1;1;1;1;1;1;10;1;1
fea07e42d70522337c7950755ab8de65;0;1;1;1;1;1;1;1;1;1;9;1;1
a2b87a4a3003e5ed0ffda11d47ea80ad;1;1;1;1;1;1;1;1;0;1;9;1;1
21b0046636daddfce9783069500a99d2;1;1;1;1;1;1;1;1;1;1;10;0;1
53f4a4e5307358462fe5fc31184a038f;1;1;1;1;1;1;1;1;1;1;10;1;1
76e2b77b8945a9d50034405c520fad02;1;1;1;1;1;1;1;1;1;1;10;1;1
f6e19104e5ed3c54df87b72849134b60;0;0;1;1;1;1;1;1;0;0;6;1;1
cb09fded55e0fb3106e8a1e167b9a205;1;1;1;1;1;1;1;1;1;1;10;1;1
ab56ad172a0bbb66aeff5c8d18aadc53;1;1;1;1;1;1;1;1;1;1;10;1;1
876058ed872e0d9ac88242ec19a19a1d;1;1;1;1;1;1;1;1;1;1;10;1;1
2a01e9341cafcacd5ebf167e7b5ecfb8;1;1;1;1;1;1;1;1;1;1;10;1;1
38d1ceb47d57b396e0556db4230d05f7;1;1;1;1;1;1;1;1;1;1;10;1;1
6795aab1e031482475a3fa350f191e32;1;1;1;1;1;1;1;1;1;1;10;1;1
54ed09d0d2d9e1dee1e5ce915c754b22;1;1;1;1;1;1;1;1;1;1;10;1;1
f39696f5a42d2d53c17050bbfcc5154e;1;1;1;1;1;1;1;1;1;1;10;1;1
9cf27d3c9abce09f7d740d1d62054ee9;1;1;1;1;1;1;1;1;1;1;10;1;1
51e3866b7d82195b81c27f923a7a5de9;1;1;1;1;1;1;1;1;1;1;10;1;1
b6a8bd9f29a479b0ce5b4d5a4a090949;0;1;1;1;0;1;1;1;1;0;7;1;1
c8b67240a2ba78c073652a9956ce34c1;1;1;1;1;1;1;1;1;1;1;10;1;1
47786ed9c9bb765e3d19b4162ea17089;1;1;1;1;1;1;1;1;1;1;10;1;1
774d71b16cc7e591813182ddf4c6ec18;1;1;1;1;1;1;1;1;1;1;10;1;1
2e62393b05a4b94abebbe88c92847b0e;1;1;1;1;1;1;1;1;1;1;10;1;1
68ee59f932e6c609036437d1c052e884;1;1;1;1;1;1;1;1;1;1;10;1;1
d4120f1c0ff96e3ecb1ec7f8138cb847;1;1;1;1;1;1;1;1;1;1;10;1;1
24b3f9c4deeab1f04db1c5cbb1b57dba;1;1;1;1;1;1;1;1;1;0;9;1;1
d2dc63b336d24f2d8419589f1c516270;1;1;1;1;1;1;1;1;1;1;10;1;1
07856027c24626bafe27fab9dbe97e26;1;1;1;1;1;1;1;1;1;1;10;1;1
37184414d5c37a2f184ed62c047b258f;1;1;1;1;1;1;1;1;1;1;10;1;1
fdfaea829506251c9d574c2c82406abf;0;0;1;1;0;0;1;0;1;1;5;1;1
72f6d2e7695cbb193dd0c2feb017f627;1;1;1;1;1;1;1;1;1;1;10;1;1
e5a79557db6de3b133ca470ef223a656;0;0;0;1;1;1;1;1;1;0;6;1;1
5200161c1314dbde78ec7e5d57de3ec5;1;1;1;1;1;1;1;1;1;1;10;1;1
6ed18f8995d200c20dbfbc7d59e25edd;1;1;1;1;1;1;1;1;1;1;10;1;1
a95901fe4c5694369516e46bf7c8b577;1;1;1;1;1;1;1;1;1;1;10;1;1
05b054668913992e927075be1efc13e4;1;1;1;1;1;1;1;1;1;1;10;1;1
7f7e5031131f592b02e0afe5d61340cb;0;1;1;1;1;1;1;1;1;1;9;1;1
60e71411e8991513dad1f142399c9c3a;1;1;1;1;1;1;1;1;1;1;10;1;1
e466396cdd8c13b7d720b275e4c16b05;1;1;1;1;1;1;1;1;1;1;10;1;1
75b233343dba3bebace9ba47afb172c3;1;1;1;1;1;1;1;1;1;1;10;1;1
96be544435702043037ddad6334cbb89;1;1;1;1;1;1;1;1;1;1;10;1;1
4571b5120d7ce0d0834753d0485b53b0;1;1;1;1;1;1;1;1;1;1;10;1;1
6ae5b3ed0174f1ae431622ced5bcd531;1;1;1;1;1;1;1;1;1;1;10;1;1
eea953278a8584a2ddb1ddf4a10dabbf;1;1;1;1;1;1;1;1;1;1;10;1;1
725fc0d7a8e7b9e01a83111619744b6f;1;1;1;1;1;1;1;1;1;0;9;1;1
9945f0f42f645a9bf6b5b81dadb17adf;1;1;1;1;1;1;1;1;1;1;10;1;1
90d6f9b4cb6e1c113b26ba404ebe6c7b;1;1;1;1;1;1;1;1;1;1;10;1;1
71ff2eff4a0b3dad110e94adf1139c84;1;1;1;1;1;1;1;1;1;1;10;1;1
283d411540879a244b3444b90a44a141;1;1;1;1;1;1;1;1;1;1;10;1;1
19c1f741f33aca759a4b29b696b7116f;1;1;1;1;1;1;1;1;1;1;10;1;1
3b193396b18fbfcca64fb718a1e94d61;1;1;1;1;1;1;1;1;1;1;10;1;1
4ed7701c724bbca0d5ace8f2738c39c5;1;1;1;1;1;1;1;1;1;1;10;1;1
671076c208613fd6f01cf6ccf7df4938;1;1;1;1;1;1;1;1;1;1;10;1;1
2968feea18f8b80dd184794dd697ab33;1;1;1;1;1;1;1;1;1;1;10;1;1
29ef05a7b09d8ea9dff23a13a6845b21;1;1;1;1;1;1;1;1;1;0;9;1;1
a4c95ee17c345157e1594f77a1b522b3;1;1;1;1;1;1;1;1;1;1;10;1;1
ebaa0933f1f85936097461a56acb8e6e;0;0;1;1;1;1;0;1;1;1;7;1;1
f19e6a2e94a9e8df79bba2be0f615382;1;1;1;1;1;1;1;1;1;1;10;1;1
5768dd83eee3ab89dfc7f4a96421c4f7;1;1;0;1;1;1;1;1;1;1;9;1;1
9d156a4c57ca4c218a540eca9b0938ae;1;1;1;1;1;1;1;1;1;1;10;1;1
05e06166f7767f1c3d34ad3e4ab3009f;1;1;1;1;1;1;1;1;1;1;10;1;1
47799090d15858077ed6089388057577;1;1;1;1;1;1;1;1;1;1;10;1;1
89ebbc1ee8354b40737dbee5438a27e7;1;1;1;1;1;1;1;1;1;1;10;1;1
2111cc01553ff94bf3fbaf3d2976934e;1;1;1;1;1;1;1;1;1;1;10;1;1
fda5cec06b545da7b9d5a213a6570daf;1;1;1;1;1;1;1;1;1;1;10;1;1
543d8f5a488acff94bc01c9e74ec3786;1;1;1;1;1;1;1;1;1;1;10;1;1
e72506477317969211638830de3174d8;0;0;0;0;0;0;0;0;0;0;0;0;0
e76b7ea4c20bef59ca8154d2a6e76511;1;1;1;1;1;1;1;1;1;1;10;1;1
6da3f250c69c7540fc0b665bf26d9bb5;1;1;1;1;1;1;1;1;1;1;10;1;1
5eba5199c094b2d0a53be84f54621af0;1;1;1;1;1;1;1;1;1;1;10;1;1
d8a0ede0fcd30761f746596b82919aeb;1;1;1;1;1;1;1;1;1;1;10;0;1
0c6982e8d622d6550a6a170f1c0b9c49;1;1;1;1;1;1;1;1;1;1;10;1;1
5374f5726b55504df3568eb5f17927eb;1;1;1;1;1;1;1;1;1;1;10;1;1
3d9642d41e5bc006fb6b565dadbb4369;1;1;1;1;1;1;1;1;1;1;10;1;1
0a58823cf240ad64edd991a378a3190d;1;1;1;1;1;1;1;1;1;1;10;1;1
d3c24fb6f54fe8fef9b7b0204fa5ca88;1;1;1;1;1;1;1;1;1;1;10;1;1
0e122979fab96e859fa6d74369b20bad;1;1;1;1;1;1;1;1;1;1;10;1;1
250628e97d9c883b77ff9ef0b1b7c571;1;1;1;1;1;1;1;1;1;1;10;1;1
5cb49cc59ff578757103e1135909b61b;1;1;1;1;1;1;1;1;1;1;10;1;1
44e580df6cc98551d69220f7e3201684;1;1;1;1;1;1;1;1;1;1;10;1;1
b185c3caa1d512875a945f80df8bfa18;1;1;1;1;1;1;1;1;1;1;10;1;1
dbbac19cfd01ab4e759500a13168a30b;1;1;1;1;1;1;1;1;1;1;10;1;1
5db757b5513e230d3e64206a6973eca1;1;1;1;1;1;1;1;1;1;1;10;1;1
a9ffa6ba253b207357c4cfa9ba07273e;1;1;1;1;1;1;1;1;1;1;10;1;1
be5ac286213638bced9007297cb2b810;1;1;1;1;1;1;1;1;1;1;10;1;1
08d9da4f665d90ed399b7076c077c276;1;1;1;1;1;1;1;1;1;1;10;1;1
a25c4a2a838811521034e121d502ed72;1;1;1;1;1;1;1;1;1;1;10;1;1
62c080a8e9a46c40827ccf560a7ff489;1;1;1;1;1;1;1;1;1;1;10;1;1
2427396448727bc80a428ea0af692d6c;1;1;1;1;1;1;1;1;1;1;10;1;1
bb876e1663b0291cd8464642c55aaaa7;1;1;1;1;1;1;1;1;1;1;10;1;1
d52f9501a7bba06b6ec605bd25044f89;1;1;1;1;1;1;1;1;1;1;10;1;1
2c4badcf417f3eb10daa56faf8931e51;1;1;1;1;1;1;1;1;1;1;10;1;1
834cff3f1c76173eac93288a912a059c;1;1;1;1;1;1;1;0;1;1;9;1;1
359f0f7c466bec1b47dc18426c2fb489;1;1;1;1;1;1;1;1;1;1;10;1;1
801b2019d58f05ea3667603d3f2ff822;1;1;1;1;1;1;1;1;1;1;10;0;1
e36b6152be03bd34543c052611d5a853;1;1;1;1;1;0;1;1;1;0;8;1;1
4d97d0e5c78b79da3bea11d445b29cf2;0;0;0;1;1;1;1;1;0;0;5;1;1
552fd40f6b8bc76c5d9d33e5263446e2;0;0;1;1;1;1;1;0;1;0;6;1;1
dfc146122e77c53d9d673b3a66aa6fb7;1;1;1;1;1;1;1;1;1;1;10;1;1
d6f666e9318dcd987194971a8c039df7;1;1;1;1;1;1;1;1;1;1;10;1;1
361a036943fa4bc0c43bbccff3bfb980;1;1;1;1;1;1;1;1;1;1;10;1;1
380039141e1a1ef34460e36bf1de651c;1;1;1;1;1;1;1;1;1;1;10;1;1
caf7b18678cc5f10487ee65f63594d46;1;1;1;1;1;1;1;1;1;1;10;1;1
0379cdc9b4249704507be3f038b69b6b;1;1;1;1;1;1;1;1;1;1;10;1;1
e85e219027fa10e3c5e47dc144a0ea80;1;1;1;1;1;1;1;1;1;1;10;1;1
5caa682223a2b0d3f4b23f7f9e87e391;1;1;1;1;1;1;1;1;1;1;10;1;1
fbb0d5ea5feeff5e7fc94e49f821b772;0;1;1;0;1;0;1;1;0;1;6;1;1
5e2115f3658e4b315a86eae9c149ef03;0;1;1;1;1;1;1;1;1;1;9;1;1
5e6dbf9a72d11baea82e8a72d7dc04b7;1;1;1;1;1;1;1;1;1;1;10;1;1
f55f518fa8cb7b05457c96f09003d101;1;1;1;1;1;1;1;1;1;1;10;1;1
d3670baf7b70a0b46814c64cf17b01ea;1;1;1;1;1;1;1;1;1;1;10;1;1
43cf5f9119cdd4c25d054bd50a6cbd45;1;1;1;1;1;1;1;1;1;1;10;1;1
0f6bbba053882edb6937f4f255ad9c15;1;1;1;1;1;1;1;1;1;1;10;1;1
c7ba6b68536b16c009df3b0ef3299461;1;1;1;1;1;1;1;1;1;1;10;1;1
299f3b5084d088b24386783866182fdb;0;0;1;1;1;0;1;1;1;1;7;1;1
6155cb35baa6059d7378353eaf4bb4e9;1;1;1;1;1;1;1;1;1;1;10;1;1
c11b27c6f98b9d50f8a0f6e44e954445;1;1;1;1;1;1;1;1;1;0;9;1;1
22f95c1d11ca74e06ae6007ec219e53e;1;1;1;1;1;1;1;1;1;1;10;1;1
c00258206dd4751468026804e8d1afe2;1;1;1;1;1;1;1;1;1;1;10;1;1
593a31d28da5b25a2bc519001df14bec;1;1;1;1;1;1;1;1;1;1;10;1;1
c083d839588bb3d86cbd764d330a375f;1;1;1;1;0;1;1;1;1;0;8;1;1
771d6920c81e63c41104ceb4b31b3d95;1;1;1;1;1;1;1;1;1;1;10;1;1
5754534eda26fd7f7595d0494e827794;0;0;1;1;1;1;1;1;1;0;7;1;1
9afdd5cf53a81c7e0947d616b28992d9;1;1;1;1;1;1;1;1;1;1;10;1;1
6ba7141682d990206505fc29ef16a43b;0;0;1;1;1;1;1;1;1;0;7;1;1
d6b2ee3825a9869e0588e361c5fa004d;1;1;1;1;1;1;1;1;1;1;10;0;1
4ae2e5156253fbeed2c6f13a066c98a1;1;1;1;1;1;1;1;1;1;1;10;1;1
2f7662f8dab77aaab2a1b61bb7baaca5;1;1;1;1;0;1;1;1;1;0;8;1;1
30248c6f54a8306966cc377169c80b85;1;1;1;1;1;1;1;1;1;1;10;1;1
3dcb42c5e7545c629c30d501feb908d5;1;1;1;1;1;1;1;1;1;1;10;1;1
645d06d25632026153b332059f56cda5;1;1;1;1;1;1;1;1;1;1;10;0;1
35e0ebd3248f43510ad7f111996ccf7d;1;1;1;1;1;1;1;1;1;1;10;1;1
36fcc55ace089999813c7fb7e78b7f28;1;1;1;1;1;1;1;0;1;1;9;0;1
772e8bc6862c8320e9bcd0d66422aa9a;1;1;1;1;1;1;1;1;1;1;10;0;1
f674e1f07bf2e178e10f7dc61bfcdaf1;1;1;1;1;1;1;1;1;1;1;10;1;1
439cf18f10d9b7daa2dcdd921af10999;1;1;1;1;1;1;1;1;1;1;10;1;1
01cc5dc7f45de109173e3a272f458c8e;1;1;1;1;1;1;1;1;1;1;10;1;1
af0ac6f459964d894275c1490a9652e5;1;1;1;1;1;1;1;1;1;1;10;1;1
c0872af8c0f5d7d044bd9ac8a99b34c2;1;1;1;1;1;1;1;1;1;1;10;1;1
551e88cd6543eb02745b93b938d1a432;1;1;1;1;1;1;1;1;0;0;8;1;1
ab549c58842eb9541018e92339adb406;0;1;1;1;1;1;1;1;1;0;8;1;1
5d9719175e0d6962872c124a994e5ee1;0;0;0;1;1;1;1;0;1;0;5;1;1
8434585cc3a348506cbfa2dac9ede611;1;1;1;1;1;1;1;1;1;1;10;1;1
23f023551ff47d2a2cc26427225f93ff;1;1;1;1;1;1;1;1;1;1;10;1;1
dd79237cbc135310703da78615dfc46e;1;1;1;1;1;1;1;1;1;1;10;1;1
1fd8f1a936f5a425ab3276fef121ad04;1;1;1;1;1;1;1;1;1;1;10;1;1
7add9968baaf7cb59d4de5a1d3e5baf7;1;1;1;1;1;1;1;1;1;1;10;1;1
5528cd078d8be65ac3a2fef4698e17b6;1;1;1;1;1;1;1;1;1;1;10;1;1
d568497ee867fe6ec10b4b14c71dd779;0;0;0;1;1;0;0;1;0;0;3;1;1
3349ba62142880bbe6e35dd4a9be5981;1;1;1;1;1;1;1;1;1;1;10;1;1
85e5d033dd4d58642fcfd8894405191e;1;1;1;1;1;1;1;1;1;1;10;0;1
673de3e057211724bbb7d641855bb3c3;0;0;0;1;1;1;1;1;1;0;6;1;1
5937080b11770535042518a8d345b96c;1;1;1;1;1;1;1;1;1;1;10;1;1
97cf6d37db102cc28670d8ad004ebff8;1;1;1;1;1;1;1;1;0;0;8;1;1
f38d9b74c3608660961b92448d249323;1;1;1;1;1;1;1;1;1;1;10;1;1
d08c9e7a5cc2c9bd0c593463b521f793;1;1;1;1;1;1;1;1;1;1;10;1;1
269b3771f557dd8baf50335ab7165d81;1;1;1;1;1;1;1;1;1;0;9;1;1
bb355349ab713dbf6223c9f492a8f031;1;1;1;1;1;1;1;1;1;1;10;1;1
20055a09ee8385ba838789bb0efa6e29;1;1;1;1;1;1;1;1;1;1;10;1;1
85c84cda470fa3af7c42299cb9e5b6ed;1;1;1;1;1;1;1;1;1;1;10;1;1
08e759dbea723644aa0a83897773a90b;1;1;1;1;1;1;1;1;1;1;10;1;1
037600b072200d985da3a1c85726b497;1;1;1;1;1;1;1;1;1;0;9;1;1
43f7d11bdf7a14a065f4958e0ff1bb2d;1;1;1;1;1;1;1;1;1;1;10;1;1
aaf111d1f2bc53b6df7a8103f91d968e;1;1;1;1;1;1;1;1;1;1;10;1;1
93ebc27be6576b8c23bc32d016b115c1;1;1;1;1;1;1;1;1;1;1;10;1;1
5db43d0ba9e8c968e0c05d0a0df3c911;1;1;1;1;1;1;1;1;1;1;10;1;1
716722c4d82d6410b43eda02db859426;1;1;1;1;1;1;1;1;1;1;10;1;1
48ed954c3f04694191ea38af16b0b596;1;1;1;1;1;1;1;1;1;1;10;1;1
9772bfd9939464ded4f9a3fe472d9d0e;1;1;1;1;1;1;1;1;1;1;10;1;1
643f996e34f83f00954663f0f9f15b39;1;1;1;1;1;1;1;1;1;1;10;1;1
e22f30c3df0266bd62a9197da34b1ee4;1;1;1;1;1;1;1;1;1;1;10;1;1
e596adfd279dd33625ee62612cd436e3;1;1;1;1;1;1;1;1;1;1;10;1;1
730cb7f22d849482805ba954d236dabc;1;1;1;1;1;1;1;1;0;1;9;1;1
756b78dd37760561d83d42afa30e4bae;1;1;1;1;1;1;1;1;1;1;10;1;1
26cb5d0d5d62af02e200f40f45a88f7d;1;1;1;1;1;1;1;1;1;1;10;1;1
22997b8feb197ffc197b427c00c28f14;0;0;0;1;1;0;0;0;1;0;3;1;1
afa3323a3f7f13fbe268ac475a2825e5;1;1;1;1;1;1;1;1;1;1;10;1;1
3d187c3202b86344a7bbdcb636504c6b;1;1;1;1;1;1;1;1;1;1;10;1;1
19e9e700fdbb719235551348fbbced20;0;0;0;1;1;1;0;1;0;0;4;1;1
85c484a87bdd15963b55f501f25ebc6f;1;1;1;1;1;1;1;1;1;1;10;1;1
e7ec8e8f8b795c049fdaab0ea0b3efc0;1;1;1;1;1;1;1;1;1;1;10;1;1
c705b518d1ca69c0443f2f5eb0e655a2;1;1;1;1;1;1;1;1;1;1;10;1;1
b60c3fe07b3d9b5c85124c55cc02bdc1;1;1;1;1;1;1;1;1;1;1;10;1;1
f96d567f9dbfa8cb57e9e7060062c78c;1;1;1;1;1;1;1;1;1;1;10;1;1
ca9cd6a5da6c838ae42b7fb8b0e66462;1;1;1;1;1;1;1;1;1;1;10;1;1
c5fe86dcebfb209252c8061827fdfc99;1;1;1;1;1;1;1;1;1;1;10;1;1
b07161e4af167724951c08af34ab15c4;0;0;1;0;1;0;0;0;0;0;2;1;1
5afd4ce203a44c6af13307e036461b43;1;1;1;1;1;1;1;1;1;1;10;1;1
a48b0cb093534060cab13268e92f720e;1;1;1;1;1;1;1;1;1;1;10;1;1
a644fe59bdc768266d2bcc7096db3c53;1;1;1;1;1;1;1;1;1;1;10;1;1
bc755a8adfd05770cf1b68db16f29ae3;0;0;0;0;0;0;0;0;0;0;0;1;0
34a524bbb352336995485bf67427a505;1;1;1;1;1;1;1;1;1;1;10;1;1
725b624537a6fa7d5240a803c8c96fda;1;1;1;1;1;1;1;1;1;1;10;1;1
ae8588731ed8b4a51de9b1c15d436520;1;1;1;1;1;1;1;1;1;1;10;0;1
65ffe13c7569cf80adf68af23088d2b0;1;1;1;1;1;1;1;1;1;1;10;1;1
7645cc39d3eb00b94e9618eb064ff8ce;0;1;1;1;1;1;1;1;1;1;9;1;1
3ec122136a6aad351e753df48e95ce43;1;1;1;1;1;1;1;1;1;1;10;1;1
68a170452e42bcc18b6e91812a08cfc9;1;1;1;1;1;1;1;1;1;1;10;1;1
2515977569cc16444ba33eee494fc4cb;1;1;1;1;1;1;1;1;1;1;10;1;1
9888accbce9c3be970d4eb3c7a253b86;1;1;1;1;1;1;1;1;1;1;10;1;1
6ee90b652853289fcf4b52b2064c9f4d;1;1;1;1;1;1;1;1;0;1;9;1;1
a9fe08952c5a762acddb8cf695e28f40;1;1;1;1;1;1;1;1;1;1;10;1;1
c5d3a86a42327a84c2588901890fd461;1;1;1;1;1;1;1;1;1;1;10;1;1
d685eb26c1eb33c30201f51712f095ce;1;1;1;1;1;1;1;1;1;1;10;1;1
96d9fd90e180aaf435c21334858654f6;1;1;1;1;1;1;1;1;1;1;10;1;1
d1a32e0c76d6987491bb615870cff8e8;1;1;1;1;1;1;1;1;1;1;10;1;1
dcfc337c3179906b5916d0fd775a7c70;1;1;1;1;1;1;1;1;1;1;10;1;1
082348ffb2977a0762e3e5d6f4a47ff4;1;1;1;1;1;1;1;1;1;1;10;1;1
fe768517f29326fe6c77a2ec75ebb115;1;1;1;1;1;1;1;1;1;1;10;1;1
18460c2466940732c12b9ed6d23d1926;1;1;1;1;1;1;1;1;1;1;10;1;1
154b9a5a3f487ddffe4ab579b4556c1f;1;1;1;1;1;1;1;1;1;1;10;1;1
0db8d65654edb74ae9a691e8ad95f632;1;1;1;1;1;1;1;1;1;1;10;1;1
f4d1470af3a7d82560b38558b132d468;1;1;1;1;1;1;1;1;0;1;9;1;1
0a0a5088b0e8d84b7cad409ee6c57fcf;1;1;1;1;1;1;1;1;1;1;10;1;1
6e79b18d66d13b737710c054dda0ee91;1;1;1;1;1;1;1;1;1;1;10;1;1
f826ba7c71e3190e3656e70b4bbfc7f2;1;1;1;1;1;1;1;1;1;1;10;1;1
fc56ec8564cb8682924838a3cf6438b3;1;1;1;1;1;1;1;1;1;1;10;1;1
36c12aba9b24e41321b132896b3b0828;1;1;1;1;1;1;1;1;1;1;10;1;1
1d5ffeb1da527fbfd44702f9c14df678;1;1;1;1;1;1;1;1;1;1;10;1;1
d398a2e2c7ac4913c1783fa4085a1d66;1;1;1;1;1;1;1;1;1;1;10;1;1
ef2473d74f713671d823b00d57a88d24;1;1;1;1;1;1;1;1;1;1;10;1;1
cf7a41ec6836313be154256346c8be42;1;1;1;1;1;1;1;1;1;1;10;1;1
06c5295adf8e75f15e92282074f3109a;1;1;1;1;1;1;1;1;1;1;10;1;1
c49ee0ad8bc317c1f8cc090a667e1483;0;0;0;1;1;1;0;1;0;0;4;1;1
fce324aa6c8a56f2db0fffd42f16ce6a;1;1;1;1;1;1;1;1;1;1;10;1;1
a49788f4389f09f209c66e798acc4341;1;1;1;1;1;1;1;1;1;1;10;1;1
70e8ab646c86cd5f01f3e0f7bd759e0b;1;1;1;1;1;1;1;1;1;1;10;1;1
3d8bcdb39aaee6a56f65cce243423e04;0;0;1;1;1;1;0;1;0;0;5;1;1
d7b113942beac40ded2c559b563d5889;1;1;1;1;1;1;1;1;1;1;10;1;1
5116860b5832dd3e91b6a448710ec54b;1;1;1;1;1;1;1;1;1;1;10;1;1
d169bdb6aee6eefb79413309da436486;1;1;1;1;1;1;1;1;1;1;10;1;1
76c978c1ed90abf3bd333995a2d86157;1;1;1;1;1;1;1;1;1;1;10;1;1
5257be13506bef5fadcc0794131afc65;1;0;1;1;1;1;0;0;1;1;7;1;1
4945bc40ca640d8f4f6cd70445360830;1;1;1;1;1;1;1;1;1;1;10;1;1
02712b07fdfbb4824d311b21fa64ffac;1;1;1;1;1;1;1;1;1;1;10;1;1
4d9830782cb6c88b403f66cff4921537;1;1;1;1;1;1;1;1;1;1;10;1;1
61480dceefcaf9e52bb5b0ff1b8c087e;0;0;0;1;1;0;0;1;0;0;3;1;1
9f644f47c636c47c8908f9e68ff4ad84;1;1;1;1;1;1;1;1;1;1;10;1;1
d68ebf37b8aa0b72def326e7cdef09b6;1;1;1;1;1;1;1;1;1;1;10;1;1
2cb8a6233a9196fae7723dd24c141905;0;0;0;0;1;0;0;0;0;0;1;1;1
703a2f42a10301af9a359eb6ae57fd4b;1;1;1;1;1;1;1;1;1;1;10;1;1
ba3884b261e58b64a77e318716af74ad;1;1;1;1;1;1;1;1;1;1;10;1;1
46cead04e5f2f97fc15003e7b91feabc;1;1;1;1;1;1;1;1;1;1;10;1;1
9092f160b9f9155172132c1412c97e0c;1;1;1;1;1;1;1;1;1;1;10;1;1
7e5783717dd46ed1a4cb15fb803fa44a;0;1;0;1;0;1;1;1;1;0;6;1;1
ee7ea2d51b2f3df6a3cf328eb21a3e2a;1;1;1;1;1;1;1;1;1;1;10;1;1
0d3543c663aeff15f03edf6dabad3ef1;1;1;1;1;1;1;1;1;1;1;10;1;1
81c0b67e2f4c89e737bc1592e5b4f67a;1;1;1;1;1;1;1;1;1;1;10;1;1
40fb4e5f983a5e3dee8c5ff9add7b14a;0;1;1;1;1;1;1;1;1;1;9;1;1
cfd06f39e5347124bb397480cde72de5;1;1;1;1;1;1;1;1;1;1;10;1;1
f2e98a09f5e782ccce56479c638e3c27;1;1;1;1;1;1;1;1;1;1;10;1;1
ba9e46ca10df231ada2f157f98262129;1;1;0;1;1;1;1;1;1;0;8;1;1
0ed0171e991e66378a7283c6d30042a0;1;1;1;1;1;1;1;1;1;1;10;1;1
1e1d60afd960801296974da46fc5c9bf;1;1;1;1;1;1;1;1;1;1;10;1;1
f258c2d0ae8cd38df470bc4e30eaafb1;1;1;1;1;1;1;1;1;1;1;10;1;1
cc63826959f39c9eac4bca3ecf9ac5b7;1;1;1;1;1;1;1;1;1;1;10;1;1
aa250511bf99e715a6b37fc643f355d8;1;1;1;1;1;1;1;1;1;1;10;1;1
b05a1050b277928895e7550be42af992;0;0;1;1;1;1;1;1;1;1;8;1;1
22aabc65b7bf66802427d9fb436d1f66;1;1;1;1;1;1;1;1;1;1;10;1;1
49e12ea6bf08675717560b3d95b7ceba;1;1;1;1;1;1;1;1;1;1;10;1;1
5b73007cbdbcf1af52ca4769bcbc0f16;1;1;1;1;1;1;1;1;1;1;10;1;1
40e0b6bed1219b16676a7102ed71f5fb;0;1;1;1;1;1;1;1;1;1;9;1;1
4c0c264dd379e078b1566bb70cbd8655;1;1;1;1;1;1;1;1;1;1;10;1;1
575d7ca2e5fc3ff6e2d568ab8c67c5d8;1;1;1;1;1;1;1;1;1;1;10;1;1
a94bb2429589b22a051567335749e089;1;1;1;1;1;1;1;1;1;1;10;1;1
c6c002858023b5e07afd3aa92ea8b67e;1;1;1;1;1;1;1;1;1;1;10;1;1
d9099b15a586053c53069c8a636a3ad6;1;1;1;1;1;1;1;1;1;1;10;0;1
615fdf5bd5f20b021c457478f80b2938;1;1;1;1;1;1;1;1;1;1;10;1;1
3a1635fd14ff9c17c0f65b8c393b9739;1;1;1;1;1;1;1;1;1;1;10;1;1
93d7c526f109bc94f7db22e91d52715b;1;1;1;1;1;1;1;1;1;1;10;1;1
430ad249c7640310dd70c7c26742edbf;1;1;1;1;1;1;1;1;1;1;10;1;1
66ba363e31d2462080620451682d0a72;1;1;1;1;1;1;1;1;1;1;10;0;1
b3d77509f89675358131c19202db1a69;1;1;1;1;1;1;1;1;1;1;10;1;1
4791c16ae0adab9923e4460997fb1643;1;1;1;1;1;1;1;1;1;1;10;1;1
184a08d2c383bd74f8924a9113885c57;1;1;1;1;1;1;1;1;1;1;10;1;1
e76f237149986e73765032a316df0583;1;1;1;1;1;1;1;1;1;1;10;1;1
ce9421593e9fe4cd434b844bc94c64d4;1;1;1;1;1;1;1;1;1;1;10;1;1
05910b6dcc01b7a2e43daf6f02e92b86;1;1;1;1;1;1;1;1;1;1;10;1;1
7e33844b52394e59e8497d087a31b6dc;1;1;1;1;1;1;1;1;0;1;9;1;1
300ba4035c456e004ebd91feec81e2f2;1;1;1;1;1;1;1;1;1;1;10;1;1
0702f9fe3c20240759c91bd61eb99abb;1;1;1;1;1;1;1;1;1;1;10;1;1
20a2543a7a37a75b93924dd83c03743d;1;1;1;1;1;1;1;1;1;1;10;1;1
f121679889246977d7508f6c60f64a30;1;1;1;1;1;1;1;1;1;1;10;1;1
dcaf983365d818bebfd349620b5fce72;1;1;1;1;1;1;1;1;1;1;10;1;1
b67bd93ed7a4d16868b2b688f53e2ffc;1;1;1;1;1;1;1;1;1;1;10;1;1
aca4847ab88ab190d19dee27f002c476;1;1;1;1;1;1;1;1;1;1;10;1;1
5c3f290a320c2d8ddadb17bc0ca24a1c;1;1;1;1;1;1;1;1;1;0;9;1;1
703c2b468a87acaba84066d0d3d0a78d;1;1;1;1;1;1;1;1;1;1;10;1;1
1171b14a8222287aeb4130c2d5eb3785;1;1;1;1;1;1;1;1;1;1;10;1;1
74baf82e4accf656a4b2ea9fc3cff654;1;1;1;1;1;1;1;1;1;1;10;1;1
91be795188a2b133177ad7dc174c2c2c;1;1;1;1;1;1;1;1;1;1;10;1;1
a73eccf8233cc12f23f8b997351a06f5;0;0;1;1;0;1;1;1;1;1;7;1;1
ef93f0d24a4e1daae40322521bbbc258;1;1;1;1;1;1;1;1;1;1;10;1;1
7e9c8822be0f73073ce2cc5ef5a13c96;1;1;1;1;1;1;1;1;1;1;10;1;1
6e68a0547be1f1fc5b4b3dfad980292d;1;1;1;1;1;1;1;1;1;1;10;1;1
5a4e899e1f72d8036da67d3840d24a89;1;1;1;1;1;1;1;1;1;1;10;1;1
63117c8fd57e3a6b981b2a829195366e;1;1;1;1;1;1;1;1;1;1;10;1;1
e1ce79c0f8b2953856eb9f09ac4485d1;1;1;1;1;1;1;1;1;1;1;10;1;1
c92dee08d86b6c57d9cb19c6ae53a695;1;1;1;1;1;1;1;1;1;1;10;1;1
cee053748dc24e18bded725f701d8531;1;1;1;1;1;1;1;1;1;0;9;1;1
8809fa44e5be341462fc2afb6f2be540;1;1;1;1;1;1;0;0;1;1;8;1;1
7783211ed125bbe31cf50b47e9e96fbb;1;1;1;1;1;0;1;1;1;1;9;1;1
76c258b2c103a64d4a67880e159fd345;1;1;1;1;1;1;1;1;1;1;10;1;1
3ff7d3e1049bb2beb37bc5dead97c7fa;1;1;1;1;1;1;1;1;1;1;10;1;1
6f6e0725873afb488222a4149bca7862;1;1;1;1;1;1;1;1;1;1;10;1;1
8b96b92d092045906f8be7738d94f92b;1;1;1;1;1;1;1;1;1;1;10;1;1
e4da440356a7a4300373d45c205b0b4d;1;1;1;1;1;0;1;1;1;1;9;1;1
d5fabe4eb05d90bb9195ace569e36d48;1;1;1;1;1;1;1;1;1;1;10;1;1
5172f944e8874206da2ddbc6959cacb7;1;1;1;1;1;1;1;1;1;1;10;1;1
536f3e564a76825ea1dbb4388996e3cf;1;1;1;1;1;1;1;1;1;1;10;1;1
a18dd1fae4f7d6cbd1421bf3dae2f128;1;1;1;1;1;1;1;1;1;1;10;1;1
ff272b94c72c1c4df5241d9629f2704b;1;1;1;1;1;1;1;1;1;1;10;1;1
aff7f8f849c06085b43ea9df3ce4edc5;1;1;1;1;1;1;1;1;1;1;10;1;1
f719210283f21205a9b5fac30a6a9606;0;0;0;1;0;0;1;0;1;0;3;1;1
6232f685cae64cce376040c62e8195c1;1;1;1;1;1;1;1;1;1;1;10;1;1
c2f1df38f9949f30b527f36071a3c3b7;1;1;1;1;1;1;1;1;1;1;10;1;1
23959126c21fdda02365352cd3e03d28;0;1;0;1;0;1;1;1;1;0;6;1;1
0aa8ff5937e16c870681fdb2c5f2acc6;0;0;0;0;1;0;0;1;1;0;3;1;1
f5e5d82309619334c508544cd9a20e63;1;1;1;1;1;1;1;1;1;1;10;1;1
5a32ba4dcaeb8b8d5413accbbe1d7cef;1;1;1;1;1;1;1;1;1;1;10;1;1
236d4a4cbe72dc9fa430590727016dd1;1;1;1;1;1;1;1;1;0;1;9;1;1
